,Title,Movie Info,Year,Distributor,Budget (in $),Domestic Opening (in $),Domestic Sales (in $),International Sales (in $),sales,Release Date,Running Time,License,Action,Adventure,Animation,Biography,Comedy,Crime,Documentary,Drama,Family,Fantasy,History,Horror,Music,Musical,Mystery,Romance,SciFi,Sport,Thriller,War,Western
0,Avatar,A paraplegic Marine dispatched to the moon Pandora on a unique mission becomes torn between following his orders and protecting the world he feels is his home.,2009,Twentieth Century Fox,237000000,77025481,785221649,2138484377,2923706026,16-Dec-09,2 hr 42 min,PG-13,1,1,0,0,0,0,0,0,0,1,0,0,0,0,0,0,1,0,0,0,0
1,Avengers: Endgame,"After the devastating events of Avengers: Infinity War, the universe is in ruins. With the help of remaining allies, the Avengers assemble once more in order to reverse Thanos' actions and restore balance to the universe.",2019,Walt Disney Studios Motion Pictures,356000000,357115007,858373000,1941066100,2799439100,24-Apr-19,3 hr 1 min,PG-13,1,1,0,0,0,0,0,1,0,0,0,0,0,0,0,0,1,0,0,0,0
2,Avatar: The Way of Water,"Jake Sully lives with his newfound family formed on the extrasolar moon Pandora. Once a familiar threat returns to finish what was previously started, Jake must work with Neytiri and the army of the Na'vi race to protect their home.",2022,20th Century Studios,December 14 2022 (EMEA APAC),134100226,684075767,1636174514,2320250281,24-Apr-19,3 hr 1 min,PG-13,1,1,0,0,0,0,0,1,0,0,0,0,0,0,0,0,1,0,0,0,0
3,Titanic,"A seventeen-year-old aristocrat falls in love with a kind but poor artist aboard the luxurious, ill-fated R.M.S. Titanic.",1997,Paramount Pictures,200000000,28638131,674292608,1590450697,2264743305,19-Dec-97,3 hr 14 min,PG-13,0,0,0,0,0,0,0,1,0,0,0,0,0,0,0,1,0,0,0,0,0
4,Star Wars: Episode VII - The Force Awakens,"As a new threat to the galaxy rises, Rey, a desert scavenger, and Finn, an ex-stormtrooper, must join Han Solo and Chewbacca to search for the one hope of restoring peace.",2015,Walt Disney Studios Motion Pictures,245000000,247966675,936662225,1134647993,2071310218,16-Dec-15,2 hr 18 min,PG-13,1,1,0,0,0,0,0,0,0,0,0,0,0,0,0,0,1,0,0,0,0
5,Avengers: Infinity War,The Avengers and their allies must be willing to sacrifice all in an attempt to defeat the powerful Thanos before his blitz of devastation and ruin puts an end to the universe.,2018,Walt Disney Studios Motion Pictures,April 25 2018 (APAC EMEA),257698183,678815482,1373599557,2052415039,16-Dec-15,2 hr 18 min,PG-13,1,1,0,0,0,0,0,0,0,0,0,0,0,0,0,0,1,0,0,0,0
6,Spider-Man: No Way Home,"With Spider-Man's identity now revealed, Peter asks Doctor Strange for help. When a spell goes wrong, dangerous foes from other worlds start to appear, forcing Peter to discover what it truly means to be Spider-Man.",2021,Sony Pictures Entertainment (SPE),December 15 2021 (14 markets),260138569,814115070,1107732041,1921847111,16-Dec-15,2 hr 18 min,PG-13,1,1,0,0,0,0,0,0,0,0,0,0,0,0,0,0,1,0,0,0,0
7,Jurassic World,"A new theme park, built on the original site of Jurassic Park, creates a genetically modified hybrid dinosaur, the Indominus Rex, which escapes containment and goes on a killing spree.",2015,Universal Pictures,150000000,208806270,653406625,1018130819,1671537444,10-Jun-15,2 hr 4 min,PG-13,1,1,0,0,0,0,0,0,0,0,0,0,0,0,0,0,1,0,0,0,0
8,The Lion King,"After the murder of his father, a young lion prince flees his kingdom only to learn the true meaning of responsibility and bravery.",2019,Walt Disney Studios Motion Pictures,260000000,191770759,543638043,1119437358,1663075401,11-Jul-19,1 hr 58 min,PG,0,1,0,0,0,0,0,1,1,0,0,0,0,1,0,0,0,0,0,0,0
9,The Avengers,Earth's mightiest heroes must come together and learn to fight as a team if they are going to stop the mischievous Loki and his alien army from enslaving humanity.,2012,Walt Disney Studios Motion Pictures,220000000,207438708,623357910,897180626,1520538536,25-Apr-12,2 hr 23 min,PG-13,1,0,0,0,0,0,0,0,0,0,0,0,0,0,0,0,1,0,0,0,0
10,Furious 7,Deckard Shaw seeks revenge against Dominic Toretto and his family for his comatose brother.,2015,Universal Pictures,190000000,147187040,353007020,1162334379,1515341399,1-Apr-15,2 hr 17 min,PG-13,1,0,0,0,0,1,0,0,0,0,0,0,0,0,0,0,0,0,1,0,0
11,Top Gun: Maverick,"After thirty years, Maverick is still pushing the envelope as a top naval aviator, but must confront ghosts of his past when he leads TOP GUN's elite graduates on a mission that demands the ultimate sacrifice from those chosen to fly it.",2022,Paramount Pictures,May 20 2022 (Iceland),126707459,718732821,776963471,1495696292,1-Apr-15,2 hr 17 min,PG-13,1,0,0,0,0,1,0,0,0,0,0,0,0,0,0,0,0,0,1,0,0
12,Frozen II,"Anna, Elsa, Kristoff, Olaf and Sven leave Arendelle to travel to an ancient, autumn-bound forest of an enchanted land. They set out to find the origin of Elsa's powers in order to save their kingdom.",2019,Walt Disney Studios Motion Pictures,150000000,130263358,477373578,976309898,1453683476,20-Nov-19,1 hr 43 min,PG,0,1,1,0,1,0,0,1,1,1,0,0,0,1,0,0,0,0,0,0,0
13,Barbie,Barbie suffers a crisis that leads her to question her world and her existence.,2023,Warner Bros.,July 19 2023 (EMEA APAC),162022044,630450087,797000000,1427450087,20-Nov-19,1 hr 43 min,PG,0,1,1,0,1,0,0,1,1,1,0,0,0,1,0,0,0,0,0,0,0
14,Avengers: Age of Ultron,"When Tony Stark and Bruce Banner try to jump-start a dormant peacekeeping program called Ultron, things go horribly wrong and it's up to Earth's mightiest heroes to stop the villainous Ultron from enacting his terrible plan.",2015,Walt Disney Studios Motion Pictures,250000000,191271109,459005868,946012180,1405018048,22-Apr-15,2 hr 21 min,PG-13,1,1,0,0,0,0,0,0,0,0,0,0,0,0,0,0,1,0,0,0,0
15,The Super Mario Bros. Movie,"A plumber named Mario travels through an underground labyrinth with his brother, Luigi, trying to save a captured princess.",2023,Universal Pictures,April 5 2023 (18 markets),146361865,574934330,785829724,1360764054,22-Apr-15,2 hr 21 min,PG-13,1,1,0,0,0,0,0,0,0,0,0,0,0,0,0,0,1,0,0,0,0
16,Black Panther,"T'Challa, heir to the hidden but advanced kingdom of Wakanda, must step forward to lead his people into a new future and must confront a challenger from his country's past.",2018,Walt Disney Studios Motion Pictures,February 13 2018 (EMEA APAC),202003951,700426566,649499517,1349926083,22-Apr-15,2 hr 21 min,PG-13,1,1,0,0,0,0,0,0,0,0,0,0,0,0,0,0,1,0,0,0,0
17,Harry Potter and the Deathly Hallows: Part 2,"Harry, Ron, and Hermione search for Voldemort's remaining Horcruxes in their effort to destroy the Dark Lord as the final battle rages on at Hogwarts.",2011,Warner Bros.,July 13 2011 (EMEA APAC),169189427,381447587,960912354,1342359942,22-Apr-15,2 hr 21 min,PG-13,1,1,0,0,0,0,0,0,0,0,0,0,0,0,0,0,1,0,0,0,0
18,Star Wars: Episode VIII - The Last Jedi,"The Star Wars saga continues as new heroes and galactic legends go on an epic adventure, unlocking mysteries of the Force and shocking revelations of the past.",2017,Walt Disney Studios Motion Pictures,317000000,220009584,620181382,714226324,1334407706,13-Dec-17,2 hr 32 min,PG-13,1,1,0,0,0,0,0,0,0,1,0,0,0,0,0,0,1,0,0,0,0
19,Jurassic World: Fallen Kingdom,"When the island's dormant volcano begins roaring to life, Owen and Claire mount a campaign to rescue the remaining dinosaurs from this extinction-level event.",2018,Universal Pictures,170000000,148024610,417719760,892746536,1310466296,6-Jun-18,2 hr 8 min,PG-13,1,1,0,0,0,0,0,0,0,0,0,0,0,0,0,0,1,0,0,0,0
20,Frozen,"When the newly crowned Queen Elsa accidentally uses her power to turn things into ice to curse her home in infinite winter, her sister Anna teams up with a mountain man, his playful reindeer, and a snowman to change the weather condition.",2013,Walt Disney Studios Motion Pictures,150000000,243390,400953009,883587509,1284540518,22-Nov-13,1 hr 42 min,PG,0,1,1,0,1,0,0,0,1,1,0,0,0,1,0,0,0,0,0,0,0
21,Beauty and the Beast,"A selfish Prince is cursed to become a monster for the rest of his life, unless he learns to fall in love with a beautiful young woman he keeps prisoner.",2017,Walt Disney Studios Motion Pictures,160000000,174750616,504481165,761634799,1266115964,16-Mar-17,2 hr 9 min,PG,0,1,0,0,0,0,0,0,1,1,0,0,0,1,0,1,0,0,0,0,0
22,Incredibles 2,The Incredibles family takes on a new mission which involves a change in family roles: Bob Parr (Mr. Incredible) must manage the house while his wife Helen (Elastigirl) goes out to save the world.,2018,Walt Disney Studios Motion Pictures,June 14 2018 (16 markets),182687905,608581744,634643923,1243225667,16-Mar-17,2 hr 9 min,PG,0,1,0,0,0,0,0,0,1,1,0,0,0,1,0,1,0,0,0,0,0
23,The Fate of the Furious,"When a mysterious woman seduces Dominic Toretto into the world of terrorism and a betrayal of those closest to him, the crew face trials that will test them as never before.",2017,Universal Pictures,250000000,98786705,226008385,1009996733,1236005118,12-Apr-17,2 hr 16 min,PG-13,1,0,0,0,0,1,0,0,0,0,0,0,0,0,0,0,0,0,1,0,0
24,Iron Man 3,"When Tony Stark's world is torn apart by a formidable terrorist called the Mandarin, he starts an odyssey of rebuilding and retribution.",2013,Walt Disney Studios Motion Pictures,200000000,174144585,409013994,806563211,1215577205,24-Apr-13,2 hr 10 min,PG-13,1,1,0,0,0,0,0,0,0,0,0,0,0,0,0,0,1,0,0,0,0
25,Minions,"Minions Stuart, Kevin, and Bob are recruited by Scarlet Overkill, a supervillain who, alongside her inventor husband Herb, hatches a plot to take over the world.",2015,Universal Pictures,74000000,115718405,336045770,823398892,1159444662,9-Apr-15,1 hr 31 min,PG,0,1,1,0,1,1,0,0,1,0,0,0,0,0,0,0,1,0,0,0,0
26,Captain America: Civil War,Political involvement in the Avengers' affairs causes a rift between Captain America and Iron Man.,2016,Walt Disney Studios Motion Pictures,250000000,179139142,408084349,746962067,1155046416,27-Apr-16,2 hr 27 min,PG-13,1,0,0,0,0,0,0,0,0,0,0,0,0,0,0,0,1,0,0,0,0
27,Aquaman,"Arthur Curry, the human-born heir to the underwater kingdom of Atlantis, goes on a quest to prevent a war between the worlds of ocean and land.",2018,Warner Bros.,December 7 2018 (China),67873522,335104314,813424079,1148528393,27-Apr-16,2 hr 27 min,PG-13,1,0,0,0,0,0,0,0,0,0,0,0,0,0,0,0,1,0,0,0,0
28,The Lord of the Rings: The Return of the King,Gandalf and Aragorn lead the World of Men against Sauron's army to draw his gaze from Frodo and Sam as they approach Mount Doom with the One Ring.,2003,New Line Cinema,94000000,72629713,379427292,768206541,1147633833,17-Dec-03,3 hr 21 min,PG-13,1,1,0,0,0,0,0,1,0,1,0,0,0,0,0,0,0,0,0,0,0
29,Skyfall,"James Bond's loyalty to M is tested when her past comes back to haunt her. When MI6 comes under attack, 007 must track down and destroy the threat, no matter how personal the cost.",2012,Sony Pictures Entertainment (SPE),200000000,88364714,304360277,838111018,1142471295,25-Oct-12,2 hr 23 min,PG-13,1,1,0,0,0,0,0,0,0,0,0,0,0,0,0,0,0,0,1,0,0
30,Spider-Man: Far from Home,"Following the events of Avengers: Endgame, Spider-Man must step up to take on new threats in a world that has changed forever.",2019,Sony Pictures Entertainment (SPE),160000000,92579212,390532085,741395911,1131927996,28-Jun-19,2 hr 9 min,PG-13,1,1,0,0,1,0,0,0,0,0,0,0,0,0,0,0,1,0,0,0,0
31,Captain Marvel,Carol Danvers becomes one of the universe's most powerful heroes when Earth is caught in the middle of a galactic war between two alien races.,2019,Walt Disney Studios Motion Pictures,160000000,153433423,426829839,704586607,1131416446,6-Mar-19,2 hr 3 min,PG-13,1,1,0,0,0,0,0,0,0,0,0,0,0,0,0,0,1,0,0,0,0
32,Transformers: Dark of the Moon,"The Autobots learn of a Cybertronian spacecraft hidden on the moon, and race against the Decepticons to reach it and to learn its secrets.",2011,DreamWorks,195000000,97852865,352390543,771403536,1123794079,29-Jun-11,2 hr 34 min,PG-13,1,1,0,0,0,0,0,0,0,0,0,0,0,0,0,0,1,0,0,0,0
33,Jurassic Park,A pragmatic paleontologist touring an almost complete theme park on an island in Central America is tasked with protecting a couple of kids after a power failure causes the park's cloned dinosaurs to run loose.,1993,Universal Pictures,63000000,47026828,407185075,705953473,1113138548,11-Jun-93,2 hr 7 min,PG-13,1,1,0,0,0,0,0,0,0,0,0,0,0,0,0,0,1,0,1,0,0
34,Transformers: Age of Extinction,"When humanity allies with a bounty hunter in pursuit of Optimus Prime, the Autobots turn to a mechanic and his family for help.",2014,Paramount Pictures,210000000,100038390,245439076,858614996,1104054072,25-Jun-14,2 hr 45 min,PG-13,1,1,0,0,0,0,0,0,0,0,0,0,0,0,0,0,1,0,0,0,0
35,The Dark Knight Rises,"Eight years after the Joker's reign of chaos, Batman is coerced out of exile with the assistance of the mysterious Selina Kyle in order to defend Gotham City from the vicious guerrilla terrorist Bane.",2012,Warner Bros.,250000000,160887295,448149584,633020241,1081169825,19-Jul-12,2 hr 44 min,PG-13,1,0,0,0,0,0,0,1,0,0,0,0,0,0,0,0,0,0,1,0,0
36,Star Wars: Episode IX - The Rise of Skywalker,"In the riveting conclusion of the landmark Skywalker saga, new legends will be born-and the final battle for freedom is yet to come.",2019,Walt Disney Studios Motion Pictures,275000000,177383864,515202542,561819830,1077022372,18-Dec-19,2 hr 21 min,PG-13,1,1,0,0,0,0,0,0,0,1,0,0,0,0,0,0,1,0,0,0,0
37,Joker,"During the 1980's, a failed stand-up comedian is driven insane and turns to a life of crime and chaos in Gotham City while becoming an infamous psychopathic crime figure.",2019,Warner Bros.,55000000,96202337,335477657,738980625,1074458282,2-Oct-19,2 hr 2 min,R,0,0,0,0,0,1,0,1,0,0,0,0,0,0,0,0,0,0,1,0,0
38,Toy Story 4,"When a new toy called ""Forky"" joins Woody and the gang, a road trip alongside old and new friends reveals how big the world can be for a toy.",2019,Walt Disney Studios Motion Pictures,200000000,120908065,434038008,639803386,1073841394,20-Jun-19,1 hr 40 min,G,0,1,1,0,1,0,0,0,1,1,0,0,0,0,0,0,0,0,0,0,0
39,Toy Story 3,"The toys are mistakenly delivered to a day-care center instead of the attic right before Andy leaves for college, and it's up to Woody to convince the other toys that they weren't abandoned and to return home.",2010,Walt Disney Studios Motion Pictures,200000000,110307189,415004880,652311221,1067316101,16-Jun-10,1 hr 43 min,G,0,1,1,0,1,0,0,0,1,1,0,0,0,0,0,0,0,0,0,0,0
40,Pirates of the Caribbean: Dead Man's Chest,"Jack Sparrow races to recover the heart of Davy Jones to avoid enslaving his soul to Jones' service, as other friends and foes seek the heart for their own agenda as well.",2006,Walt Disney Studios Motion Pictures,225000000,135634554,423315812,642863935,1066179747,6-Jul-06,2 hr 31 min,PG-13,1,1,0,0,0,0,0,0,0,1,0,0,0,0,0,0,0,0,0,0,0
41,Rogue One: A Star Wars Story,"In a time of conflict, a group of unlikely heroes band together on a mission to steal the plans to the Death Star, the Empire's ultimate weapon of destruction.",2016,Walt Disney Studios Motion Pictures,200000000,155081681,533539991,525142151,1058682142,14-Dec-16,2 hr 13 min,PG-13,1,1,0,0,0,0,0,0,0,0,0,0,0,0,0,0,1,0,0,0,0
42,Aladdin,A kind-hearted street urchin and a power-hungry Grand Vizier vie for a magic lamp that has the power to make their deepest wishes come true.,2019,Walt Disney Studios Motion Pictures,183000000,91500929,355559216,698744784,1054304000,22-May-19,2 hr 8 min,PG,0,1,0,0,1,0,0,0,1,1,0,0,0,1,0,1,0,0,0,0,0
43,Pirates of the Caribbean: On Stranger Tides,"Jack Sparrow and Barbossa embark on a quest to find the elusive fountain of youth, only to discover that Blackbeard and his daughter are after it too.",2011,Walt Disney Studios Motion Pictures,250000000,90151958,241071802,805649464,1046721266,18-May-11,2 hr 17 min,PG-13,1,1,0,0,0,0,0,0,0,1,0,0,0,0,0,0,0,0,0,0,0
44,Despicable Me 3,"Gru meets his long-lost, charming, cheerful, and more successful twin brother Dru, who wants to team up with him for one last criminal heist.",2017,Universal Pictures,80000000,72434025,264624300,770175831,1034800131,14-Jun-17,1 hr 29 min,PG,0,1,1,0,1,1,0,0,1,0,0,0,0,0,0,0,1,0,0,0,0
45,Finding Dory,Friendly but forgetful blue tang Dory begins a search for her long-lost parents and everyone learns a few things about the real meaning of family along the way.,2016,Walt Disney Studios Motion Pictures,June 15 2016 (Philippines),135060273,486295561,542971428,1029266989,14-Jun-17,1 hr 29 min,PG,0,1,1,0,1,1,0,0,1,0,0,0,0,0,0,0,1,0,0,0,0
46,Star Wars: Episode I - The Phantom Menace,"Two Jedi escape a hostile blockade to find allies and come across a young boy who may bring balance to the Force, but the long dormant Sith resurface to claim their original glory.",1999,Twentieth Century Fox,115000000,64820970,474544677,552538030,1027082707,19-May-99,2 hr 16 min,PG,1,1,0,0,0,0,0,0,0,1,0,0,0,0,0,0,1,0,0,0,0
47,Zootopia,"In a city of anthropomorphic animals, a rookie bunny cop and a cynical con artist fox must work together to uncover a conspiracy.",2016,Walt Disney Studios Motion Pictures,February 10 2016 (Belgium),75063401,341268248,684253441,1025521689,19-May-99,2 hr 16 min,PG,1,1,0,0,0,0,0,0,0,1,0,0,0,0,0,0,1,0,0,0,0
48,Alice in Wonderland,"Nineteen-year-old Alice returns to the magical world from her childhood adventure, where she reunites with her old friends and learns of her true destiny: to end the Red Queen's reign of terror.",2010,Walt Disney Studios Motion Pictures,200000000,116101023,334191110,691277106,1025468216,3-Mar-10,1 hr 48 min,PG,0,1,0,0,0,0,0,0,1,1,0,0,0,0,1,0,0,0,0,0,0
49,Harry Potter and the Sorcerer's Stone,"An orphaned boy enrolls in a school of wizardry, where he learns the truth about himself, his family and the terrible evil that haunts the magical world.",2001,Warner Bros.,125000000,90294621,318886962,705155727,1024042690,16-Nov-01,2 hr 32 min,PG,0,1,0,0,0,0,0,0,1,1,0,0,0,0,0,0,0,0,0,0,0
50,The Hobbit: An Unexpected Journey,"A reluctant Hobbit, Bilbo Baggins, sets out to the Lonely Mountain with a spirited group of dwarves to reclaim their mountain home, and the gold within it from the dragon Smaug.",2012,Warner Bros.,December 12 2012 (EMEA APAC),84617303,303030651,714000000,1017030651,16-Nov-01,2 hr 32 min,PG,0,1,0,0,0,0,0,0,1,1,0,0,0,0,0,0,0,0,0,0,0
51,The Dark Knight,"When the menace known as the Joker wreaks havoc and chaos on the people of Gotham, Batman must accept one of the greatest psychological and physical tests of his ability to fight injustice.",2008,Warner Bros.,185000000,158411483,534987076,471467753,1006454829,16-Jul-08,2 hr 32 min,PG-13,1,0,0,0,0,1,0,1,0,0,0,0,0,0,0,0,0,0,1,0,0
52,Jurassic World Dominion,"Four years after the destruction of Isla Nublar, Biosyn operatives attempt to track down Maisie Lockwood, while Dr Ellie Sattler investigates a genetically engineered swarm of giant insects.",2022,Universal Pictures,June 1 2022 (South Korea),145075625,376851080,625127000,1001978080,16-Jul-08,2 hr 32 min,PG-13,1,0,0,0,0,1,0,1,0,0,0,0,0,0,0,0,0,0,1,0,0
53,Jumanji: Welcome to the Jungle,"Four teenagers are sucked into a magical video game, and the only way they can escape is to work together to finish the game.",2017,Sony Pictures Entertainment (SPE),90000000,36169328,404540171,590798946,995339117,20-Dec-17,1 hr 59 min,PG-13,1,1,0,0,1,0,0,0,0,1,0,0,0,0,0,0,0,0,0,0,0
54,Harry Potter and the Deathly Hallows: Part 1,"As Harry, Ron and Hermione race against time and evil to destroy the Horcruxes, they uncover the existence of the three most powerful objects in the wizarding world: the Deathly Hallows.",2010,Warner Bros.,November 17 2010 (APAC EMEA),125017372,296374621,680695761,977070383,20-Dec-17,1 hr 59 min,PG-13,1,1,0,0,1,0,0,0,0,1,0,0,0,0,0,0,0,0,0,0,0
55,Despicable Me 2,"When Gru, the world's most super-bad turned super-dad has been recruited by a team of officials to stop lethal muscle and a host of Gru's own, He has to fight back with new gadgetry, cars, and more minion madness.",2013,Universal Pictures,76000000,83517315,368065385,602700620,970766005,20-Jun-13,1 hr 38 min,PG,0,1,1,0,1,1,0,0,1,0,0,0,0,0,0,0,1,0,0,0,0
56,The Lion King,"Lion prince Simba and his father are targeted by his bitter uncle, who wants to ascend the throne himself.",1994,Walt Disney Studios Motion Pictures,45000000,1586753,422783777,545728028,968511805,15-Jun-94,1 hr 28 min,G,0,1,1,0,0,0,0,1,1,0,0,0,0,1,0,0,0,0,0,0,0
57,The Jungle Book,"After a threat from the tiger Shere Khan forces him to flee the jungle, a man-cub named Mowgli embarks on a journey of self discovery with the help of panther Bagheera and free-spirited bear Baloo.",2016,Walt Disney Studios Motion Pictures,175000000,103261464,364001123,603723652,967724775,7-Apr-16,1 hr 46 min,PG,0,1,0,0,0,0,0,1,1,1,0,0,0,0,0,0,0,0,0,0,0
58,The Hobbit: The Battle of the Five Armies,Bilbo and company are forced to engage in a war against an array of combatants and keep the Lonely Mountain from falling into the hands of a rising darkness.,2014,Warner Bros.,December 10 2014 (EMEA),54724334,255138261,707063077,962201338,7-Apr-16,1 hr 46 min,PG,0,1,0,0,0,0,0,1,1,1,0,0,0,0,0,0,0,0,0,0,0
59,Pirates of the Caribbean: At World's End,"Captain Barbossa, Will Turner and Elizabeth Swann must sail off the edge of the map, navigate treachery and betrayal, find Jack Sparrow, and make their final alliances for one last decisive battle.",2007,Walt Disney Studios Motion Pictures,300000000,114732820,309420425,652270784,961691209,22-May-07,2 hr 49 min,PG-13,1,1,0,0,0,0,0,0,0,1,0,0,0,0,0,0,0,0,0,0,0
60,The Hobbit: The Desolation of Smaug,"The dwarves, along with Bilbo Baggins and Gandalf the Grey, continue their quest to reclaim Erebor, their homeland, from Smaug. Bilbo Baggins is in possession of a mysterious and magical ring.",2013,Warner Bros.,December 11 2013 (EMEA APAC),73645197,258387334,700640658,959027992,22-May-07,2 hr 49 min,PG-13,1,1,0,0,0,0,0,0,0,1,0,0,0,0,0,0,0,0,0,0,0
61,Doctor Strange in the Multiverse of Madness,"Doctor Strange teams up with a mysterious teenage girl from his dreams who can travel across multiverses, to battle multiple threats, including other-universe versions of himself, which threaten to wipe out millions across the multiverse. They seek help from Wanda the Scarlet Witch, Wong and others.",2022,Walt Disney Studios Motion Pictures,May 4 2022 (EMEA APAC),187420998,411331607,544444197,955775804,22-May-07,2 hr 49 min,PG-13,1,1,0,0,0,0,0,0,0,1,0,0,0,0,0,0,0,0,0,0,0
62,The Lord of the Rings: The Two Towers,"While Frodo and Sam edge closer to Mordor with the help of the shifty Gollum, the divided fellowship makes a stand against Sauron's new ally, Saruman, and his hordes of Isengard.",2002,New Line Cinema,94000000,62007528,342952511,604991759,947944270,18-Dec-02,2 hr 59 min,PG-13,1,1,0,0,0,0,0,1,0,1,0,0,0,0,0,0,0,0,0,0,0
63,Harry Potter and the Order of the Phoenix,"With their warning about Lord Voldemort's return scoffed at, Harry and Dumbledore are targeted by the Wizard authorities as an authoritarian bureaucrat slowly seizes power at Hogwarts.",2007,Warner Bros.,150000000,77108414,292382727,649895317,942278045,11-Jul-07,2 hr 18 min,PG-13,1,1,0,0,0,0,0,0,1,1,0,0,0,0,1,0,0,0,0,0,0
64,Finding Nemo,"After his son is captured in the Great Barrier Reef and taken to Sydney, a timid clownfish sets out on a journey to bring him home.",2003,Walt Disney Studios Motion Pictures,94000000,70251710,380843261,560794699,941637960,30-May-03,1 hr 40 min,G,0,1,1,0,1,0,0,0,1,0,0,0,0,0,0,0,0,0,0,0,0
65,Minions: The Rise of Gru,The untold story of one twelve-year-old's dream to become the world's greatest supervillain.,2022,Universal Pictures,June 23 2022 (Australia),107010140,369695210,569933000,939628210,30-May-03,1 hr 40 min,G,0,1,1,0,1,0,0,0,1,0,0,0,0,0,0,0,0,0,0,0,0
66,Harry Potter and the Half-Blood Prince,"As Harry Potter begins his sixth year at Hogwarts, he discovers an old book marked as ""the property of the Half-Blood Prince"" and begins to learn more about Lord Voldemort's dark past.",2009,Warner Bros.,250000000,77835727,302334374,632185012,934519387,15-Jul-09,2 hr 33 min,PG,1,1,0,0,0,0,0,0,1,1,0,0,0,0,1,0,0,0,0,0,0
67,Shrek 2,"Shrek and Fiona travel to the Kingdom of Far Far Away, where Fiona's parents are King and Queen, to celebrate their marriage. When they arrive, they find they are not as welcome as they thought they would be.",2004,DreamWorks Distribution,150000000,108037878,441226247,487534523,928760770,19-May-04,1 hr 33 min,PG,0,1,1,0,1,0,0,0,1,1,0,0,0,0,0,1,0,0,0,0,0
68,Oppenheimer,"The story of American scientist, J. Robert Oppenheimer, and his role in the development of the atomic bomb.",2023,Universal Pictures,July 19 2023 (EMEA APAC),82455420,321212945,604752000,925964945,19-May-04,1 hr 33 min,PG,0,1,1,0,1,0,0,0,1,1,0,0,0,0,0,1,0,0,0,0,0
69,Harry Potter and the Chamber of Secrets,An ancient prophecy seems to be coming true when a mysterious presence begins stalking the corridors of a school of magic and leaving its victims paralyzed.,2002,Warner Bros.,100000000,88357488,262641637,663316557,925958195,14-Nov-02,2 hr 41 min,PG,0,1,0,0,0,0,0,0,1,1,0,0,0,0,1,0,0,0,0,0,0
70,Bohemian Rhapsody,"The story of the legendary British rock band Queen and lead singer Freddie Mercury, leading up to their famous performance at Live Aid.",2018,Twentieth Century Fox,52000000,51061119,216668042,694141269,910809311,26-Oct-18,2 hr 14 min,PG-13,0,0,0,1,0,0,0,1,0,0,0,0,1,0,0,0,0,0,0,0,0
71,The Battle at Lake Changjin,"In the fierce battlefield in the midst of the harsh weather conditions, Wu Qian Li and Wu Wan Li, two brothers soldier including the brave Chinese soldiers must fight together and find a way to cope with the invasion of US forces.",2021,CMC Pictures,October 1 2021 (China),105768,342411,902206065,902548476,26-Oct-18,2 hr 14 min,PG-13,0,0,0,1,0,0,0,1,0,0,0,0,1,0,0,0,0,0,0,0,0
72,The Lord of the Rings: The Fellowship of the Ring,A meek Hobbit from the Shire and eight companions set out on a journey to destroy the powerful One Ring and save Middle-earth from the Dark Lord Sauron.,2001,New Line Cinema,93000000,47211490,316115420,582089000,898204420,19-Dec-01,2 hr 58 min,PG-13,1,1,0,0,0,0,0,1,0,1,0,0,0,0,0,0,0,0,0,0,0
73,Harry Potter and the Goblet of Fire,"Harry Potter finds himself competing in a hazardous tournament between rival schools of magic, but he is distracted by recurring nightmares.",2005,Warner Bros.,150000000,102685961,290469928,606345381,896815310,16-Nov-05,2 hr 37 min,PG-13,0,1,0,0,0,0,0,0,1,1,0,0,0,0,1,0,0,0,0,0,0
74,Spider-Man 3,"A strange black entity from another world bonds with Peter Parker and causes inner turmoil as he contends with new villains, temptations, and revenge.",2007,Sony Pictures Entertainment (SPE),258000000,151116516,336530303,558453070,894983373,1-May-07,2 hr 19 min,PG-13,1,1,0,0,0,0,0,0,0,0,0,0,0,0,0,0,1,0,0,0,0
75,The Secret Life of Pets,"The quiet life of a terrier named Max is upended when his owner takes in Duke, a stray whom Max instantly dislikes.",2016,Universal Pictures,75000000,104352905,368384330,525944139,894328469,24-Jun-16,1 hr 27 min,PG,0,1,1,0,1,0,0,0,1,0,0,0,0,0,0,0,0,0,0,0,0
76,Ice Age: Dawn of the Dinosaurs,"When Sid's attempt to adopt three dinosaur eggs gets him abducted by their real mother to an underground lost world, his friends attempt to rescue him.",2009,Twentieth Century Fox,90000000,41690382,196573705,690113112,886686817,29-Jun-09,1 hr 34 min,PG,0,1,1,0,1,0,0,0,1,0,0,0,0,0,0,0,0,0,0,0,0
77,Spectre,"A cryptic message from James Bond's past sends him on a trail to uncover the existence of a sinister organisation named SPECTRE. With a new threat dawning, Bond learns the terrible truth about the author of all his pain in his most recent missions.",2015,Sony Pictures Entertainment (SPE),245000000,70403148,200074609,680630703,880705312,26-Oct-15,2 hr 28 min,PG-13,1,1,0,0,0,0,0,0,0,0,0,0,0,0,0,0,0,0,1,0,0
78,Spider-Man: Homecoming,"Peter Parker balances his life as an ordinary high school student in Queens with his superhero alter-ego Spider-Man, and finds himself on the trail of a new menace prowling the skies of New York City.",2017,Sony Pictures Entertainment (SPE),175000000,117027503,334201140,545965784,880166924,5-Jul-17,2 hr 13 min,PG-13,1,1,0,0,0,0,0,0,0,0,0,0,0,0,0,0,1,0,0,0,0
79,Ice Age: Continental Drift,"Manny, Diego, and Sid embark upon another adventure after their continent is set adrift. Using an iceberg as a ship, they encounter sea creatures and battle pirates as they explore a new world.",2012,Twentieth Century Fox,95000000,46629259,161321843,715922939,877244782,27-Jun-12,1 hr 28 min,PG,0,1,1,0,1,0,0,0,1,0,0,0,0,0,0,0,0,0,0,0,0
80,Batman v Superman: Dawn of Justice,Batman is manipulated by Lex Luthor to fear Superman. Superman´s existence is meanwhile dividing the world and he is framed for murder during an international crisis. The heroes clash and force the neutral Wonder Woman to reemerge.,2016,Warner Bros.,250000000,166007347,330360194,543277334,873637528,23-Mar-16,2 hr 31 min,PG-13,1,1,0,0,0,0,0,0,0,0,0,0,0,0,0,0,1,0,0,0,0
81,Wolf Warrior 2,"China's deadliest special forces operative settles into a quiet life on the sea. When sadistic mercenaries begin targeting nearby civilians, he must leave his newfound peace behind and return to his duties as a soldier and protector.",2017,The H Collective,30100000,219022,2721100,867604339,870325439,27-Jul-17,2 hr 3 min,PG-13,1,1,0,0,0,0,0,1,0,0,0,0,0,0,0,0,0,0,1,1,0
82,Star Wars: Episode III - Revenge of the Sith,"Three years into the Clone Wars, Obi-Wan pursues a new threat, while Anakin is lured by Chancellor Palpatine into a sinister plot to rule the galaxy.",2005,Twentieth Century Fox,113000000,108435841,380270577,488119983,868390560,18-May-05,2 hr 20 min,PG-13,1,1,0,0,0,0,0,0,0,1,0,0,0,0,0,0,1,0,0,0,0
83,The Hunger Games: Catching Fire,Katniss Everdeen and Peeta Mellark become targets of the Capitol after their victory in the 74th Hunger Games sparks a rebellion in the Districts of Panem.,2013,Lionsgate,130000000,158074286,424668047,440343699,865011746,15-Nov-13,2 hr 26 min,PG-13,1,1,0,0,0,0,0,0,0,0,0,0,0,0,0,0,1,0,1,0,0
84,Guardians of the Galaxy Vol. 2,"The Guardians struggle to keep together as a team while dealing with their personal family issues, notably Star-Lord's encounter with his father, the ambitious celestial being Ego.",2017,Walt Disney Studios Motion Pictures,200000000,146510104,389813101,473942950,863756051,25-Apr-17,2 hr 16 min,PG-13,1,1,0,0,1,0,0,0,0,0,0,0,0,0,0,0,1,0,0,0,0
85,Black Panther: Wakanda Forever,The people of Wakanda fight to protect their home from intervening world powers as they mourn the death of King T'Challa.,2022,Walt Disney Studios Motion Pictures,November 4 2022 (Iceland),181339761,453829060,405379776,859208836,25-Apr-17,2 hr 16 min,PG-13,1,1,0,0,1,0,0,0,0,0,0,0,0,0,0,0,1,0,0,0,0
86,Inside Out,"After young Riley is uprooted from her Midwest life and moved to San Francisco, her emotions - Joy, Fear, Anger, Disgust, and Sadness - conflict on how best to navigate a new city, house, and school.",2015,Walt Disney Studios Motion Pictures,175000000,90440272,356921711,501926308,858848019,10-Jun-15,1 hr 35 min,PG,0,1,1,0,1,0,0,1,1,1,0,0,0,0,0,0,0,0,0,0,0
87,Venom,"A failed reporter is bonded to an alien entity, one of many symbiotes who have invaded Earth. But the being takes a liking to Earth and decides to protect it.",2018,Sony Pictures Entertainment (SPE),100000000,80255756,213515506,642569645,856085151,3-Oct-18,1 hr 52 min,PG-13,1,1,0,0,0,0,0,0,0,0,0,0,0,0,0,0,1,0,0,0,0
88,Thor: Ragnarok,"Imprisoned on the planet Sakaar, Thor must race against time to return to Asgard and stop Ragnarök, the destruction of his world, at the hands of the powerful and ruthless villain Hela.",2017,Walt Disney Studios Motion Pictures,180000000,122744989,315058289,540243517,855301806,24-Oct-17,2 hr 10 min,PG-13,1,1,0,0,1,0,0,0,0,1,0,0,0,0,0,0,1,0,0,0,0
89,The Twilight Saga: Breaking Dawn - Part 2,"After the birth of Renesmee/Nessie, the Cullens gather other vampire clans in order to protect the child from a false allegation that puts the family in front of the Volturi.",2012,Lionsgate,120000000,141067634,292324737,556269211,848593948,14-Nov-12,1 hr 55 min,PG-13,0,1,0,0,0,0,0,1,0,1,0,0,0,0,0,1,0,0,0,0,0
90,Guardians of the Galaxy Vol. 3,"Still reeling from the loss of Gamora, Peter Quill rallies his team to defend the universe and one of their own - a mission that could mean the end of the Guardians if not successful.",2023,Walt Disney Studios Motion Pictures,April 13 2023 (Italy),118414021,358995815,486559962,845555777,14-Nov-12,1 hr 55 min,PG-13,0,1,0,0,0,0,0,1,0,1,0,0,0,0,0,1,0,0,0,0,0
91,Inception,"A thief who steals corporate secrets through the use of dream-sharing technology is given the inverse task of planting an idea into the mind of a C.E.O., but his tragic past may doom the project and his team to disaster.",2010,Warner Bros.,160000000,62785337,292587330,546443300,839030630,15-Jul-10,2 hr 28 min,PG-13,1,1,0,0,0,0,0,0,0,0,0,0,0,0,0,0,1,0,1,0,0
92,Transformers: Revenge of the Fallen,"Sam Witwicky leaves the Autobots behind for a normal life. But when his mind is filled with cryptic symbols, the Decepticons target him and he is dragged back into the Transformers' war.",2009,DreamWorks,200000000,108966307,402111870,434191823,836303693,19-Jun-09,2 hr 29 min,PG-13,1,1,0,0,0,0,0,0,0,0,0,0,0,0,0,0,1,0,0,0,0
93,Spider-Man,"After being bitten by a genetically-modified spider, a shy teenager gains spider-like abilities that he uses to fight injustice as a masked superhero and face a vengeful enemy.",2002,Sony Pictures Entertainment (SPE),139000000,114844116,407022860,418002176,825025036,3-May-02,2 hr 1 min,PG-13,1,1,0,0,0,0,0,0,0,0,0,0,0,0,0,0,1,0,0,0,0
95,"Hi, Mom",A woman travels back in time to befriend her own mother in an attempt to make her life better.,2021,"February 12, 2021 (China)",149000000,2 hr 8 min,822009764,822009764,822854286,30-May-17,2 hr 21 min,PG-13,1,1,0,0,0,0,0,0,0,1,0,0,0,0,0,0,1,0,0,1,0
94,Wonder Woman,"When a pilot crashes and tells of conflict in the outside world, Diana, an Amazonian warrior in training, leaves home to fight a war, discovering her full powers and true destiny.",2017,Warner Bros.,149000000,103251471,412845172,410009114,822854286,30-May-17,2 hr 21 min,PG-13,1,1,0,0,0,0,0,0,0,1,0,0,0,0,0,0,1,0,0,1,0
96,Independence Day,"The aliens are coming and their goal is to invade and destroy Earth. Fighting superior technology, mankind's best weapon is the will to survive.",1996,Twentieth Century Fox,75000000,50228264,306169268,511231623,817400891,3-Jul-96,2 hr 25 min,PG-13,1,1,0,0,0,0,0,0,0,0,0,0,0,0,0,0,1,0,0,0,0
97,Coco,"Aspiring musician Miguel, confronted with his family's ancestral ban on music, enters the Land of the Dead to find his great-great-grandfather, a legendary singer.",2017,Walt Disney Studios Motion Pictures,October 27 2017 (Mexico),50802605,210460015,603877039,814337054,3-Jul-96,2 hr 25 min,PG-13,1,1,0,0,0,0,0,0,0,0,0,0,0,0,0,0,1,0,0,0,0
98,Fantastic Beasts and Where to Find Them,The adventures of writer Newt Scamander in New York's secret community of witches and wizards seventy years before Harry Potter reads his book in school.,2016,Warner Bros.,180000000,74403387,234037575,580006426,814044001,16-Nov-16,2 hr 12 min,PG-13,0,1,0,0,0,0,0,0,1,1,0,0,0,0,0,0,0,0,0,0,0
99,Shrek the Third,"Reluctantly designated as the heir to the land of Far, Far Away, Shrek hatches a plan to install the rebellious Artie as the new king while Princess Fiona tries to fend off a coup d'état by the jilted Prince Charming.",2007,DreamWorks,160000000,121629270,322719944,490647436,813367380,17-May-07,1 hr 33 min,PG,0,1,1,0,1,0,0,0,1,1,0,0,0,0,0,1,0,0,0,0,0
100,Jumanji: The Next Level,"In Jumanji: The Next Level, the gang is back but the game has changed. As they return to rescue one of their own, the players will have to brave parts unknown from arid deserts to snowy mountains, to escape the world's most dangerous game.",2019,Sony Pictures Entertainment (SPE),125000000,59251543,320314960,481378969,801693929,4-Dec-19,2 hr 3 min,PG-13,1,1,0,0,1,0,0,0,0,1,0,0,0,0,0,0,0,0,0,0,0
101,Harry Potter and the Prisoner of Azkaban,"Harry Potter, Ron and Hermione return to Hogwarts School of Witchcraft and Wizardry for their third year of study, where they delve into the mystery surrounding an escaped prisoner who poses a dangerous threat to the young wizard.",2004,Warner Bros.,130000000,93687367,250105651,547752679,797858331,2-Jun-04,2 hr 22 min,PG,0,1,0,0,0,0,0,0,1,1,0,0,0,0,1,0,0,0,0,0,0
102,Pirates of the Caribbean: Dead Men Tell No Tales,Captain Jack Sparrow is pursued by old rival Captain Salazar and a crew of deadly ghosts who have escaped from the Devil's Triangle. They're determined to kill every pirate at sea...notably Jack.,2017,Walt Disney Studios Motion Pictures,230000000,62983253,172558876,623363422,795922298,24-May-17,2 hr 9 min,PG-13,1,1,0,0,0,0,0,0,0,1,0,0,0,0,0,0,0,0,0,0,0
103,E.T. the Extra-Terrestrial,A troubled child summons the courage to help a friendly alien escape from Earth and return to his home planet.,1982,Universal Pictures,10500000,11835389,437141279,304203888,792910554,11-Jun-82,1 hr 55 min,PG,0,1,0,0,0,0,0,0,1,0,0,0,0,0,0,0,1,0,0,0,0
104,Mission: Impossible - Fallout,"Ethan Hunt and his IMF team, along with some familiar allies, race against time after a mission gone wrong.",2018,Paramount Pictures,178000000,61236534,220159104,571498294,791657398,25-Jul-18,2 hr 27 min,PG-13,1,1,0,0,0,0,0,0,0,0,0,0,0,0,0,0,0,0,1,0,0
105,2012,A frustrated writer struggles to keep his family alive when a series of global catastrophes threatens to annihilate mankind.,2009,Sony Pictures Entertainment (SPE),200000000,65237614,166112167,625105659,791217826,11-Nov-09,2 hr 38 min,PG-13,1,1,0,0,0,0,0,0,0,0,0,0,0,0,0,0,1,0,0,0,0
106,Indiana Jones and the Kingdom of the Crystal Skull,"In 1957, Indiana Jones becomes entangled in a Soviet plot to uncover the secret behind mysterious artifacts known as the Crystal Skulls.",2008,Paramount Pictures,185000000,100137835,317101119,473552823,790653942,21-May-08,2 hr 2 min,PG-13,1,1,0,0,0,0,0,0,0,0,0,0,0,0,0,0,0,0,0,0,0
107,Spider-Man 2,Peter Parker is beset with troubles in his failing personal life as he battles a brilliant scientist named Doctor Otto Octavius.,2004,Sony Pictures Entertainment (SPE),200000000,88156227,373585825,415390628,788976453,30-Jun-04,2 hr 7 min,PG-13,1,1,0,0,0,0,0,0,0,0,0,0,0,0,0,0,1,0,0,0,0
108,Fast & Furious 6,"Hobbs has Dominic and Brian reassemble their crew to take down a team of mercenaries: Dominic unexpectedly gets sidetracked with facing his presumed deceased girlfriend, Letty.",2013,Universal Pictures,160000000,97375245,238679850,550001118,788680968,17-May-13,2 hr 10 min,PG-13,1,1,0,0,0,1,0,0,0,0,0,0,0,0,0,0,0,0,1,0,0
109,Deadpool 2,"Foul-mouthed mutant mercenary Wade Wilson (a.k.a. Deadpool) assembles a team of fellow mutant rogues to protect a young boy with supernatural abilities from the brutal, time-traveling cyborg Cable.",2018,Twentieth Century Fox,110000000,125507153,324591735,461304874,785896609,16-May-18,1 hr 59 min,R,1,1,0,0,1,0,0,0,0,0,0,0,0,0,0,0,1,0,0,0,0
110,Deadpool,"A wisecracking mercenary gets experimented on and becomes immortal yet hideously scarred, and sets out to track down the man who ruined his looks.",2016,Twentieth Century Fox,58000000,132434639,363070709,419766082,782836791,9-Feb-16,1 hr 48 min,R,1,0,0,0,1,0,0,0,0,0,0,0,0,0,0,0,0,0,0,0,0
111,Star Wars: Episode IV - A New Hope,"Luke Skywalker joins forces with a Jedi Knight, a cocky pilot, a Wookiee and two droids to save the galaxy from the Empire's world-destroying battle station, while also attempting to rescue Princess Leia from the mysterious Darth Vader.",1977,Twentieth Century Fox,11000000,1554475,460998507,195751992,775398007,25-May-77,2 hr 1 min,PG,1,1,0,0,0,0,0,0,0,1,0,0,0,0,0,0,1,0,0,0,0
112,No Time to Die,"James Bond has left active service. His peace is short-lived when Felix Leiter, an old friend from the CIA, turns up asking for help, leading Bond onto the trail of a mysterious villain armed with dangerous new technology.",2021,Metro-Goldwyn-Mayer (MGM),September 29 2021 (South Korea),55225007,160891007,613262000,774153007,25-May-77,2 hr 1 min,PG,1,1,0,0,0,0,0,0,0,1,0,0,0,0,0,0,1,0,0,0,0
113,Guardians of the Galaxy,A group of intergalactic criminals must pull together to stop a fanatical warrior with plans to purge the universe.,2014,Walt Disney Studios Motion Pictures,170000000,94320883,333718600,439631547,773350147,30-Jul-14,2 hr 1 min,PG-13,1,1,0,0,1,0,0,0,0,0,0,0,0,0,0,0,1,0,0,0,0
114,The Batman,"When a sadistic serial killer begins murdering key political figures in Gotham, Batman is forced to investigate the city's hidden corruption and question his family's involvement.",2022,Warner Bros.,March 1 2022 (South Korea),134008624,369345583,401617000,770962583,30-Jul-14,2 hr 1 min,PG-13,1,1,0,0,1,0,0,0,0,0,0,0,0,0,0,0,1,0,0,0,0
115,Thor: Love and Thunder,"Thor enlists the help of Valkyrie, Korg and ex-girlfriend Jane Foster to fight Gorr the God Butcher, who intends to make the gods extinct.",2022,Walt Disney Studios Motion Pictures,July 6 2022 (APAC EMEA),144165107,343256830,417671251,760928081,30-Jul-14,2 hr 1 min,PG-13,1,1,0,0,1,0,0,0,0,0,0,0,0,0,0,0,1,0,0,0,0
116,Fast & Furious Presents: Hobbs & Shaw,Lawman Luke Hobbs and outcast Deckard Shaw form an unlikely alliance when a cyber-genetically enhanced villain threatens the future of humanity.,2019,Universal Pictures,200000000,60038950,173956935,586775991,760732926,1-Jul-19,2 hr 17 min,PG-13,1,1,0,0,0,0,0,0,0,0,0,0,0,0,0,0,0,0,1,0,0
117,The Da Vinci Code,"A murder inside the Louvre, and clues in Da Vinci paintings, lead to the discovery of a religious mystery protected by a secret society for two thousand years, which could shake the foundations of Christianity.",2006,Sony Pictures Entertainment (SPE),125000000,77073388,217536138,542470807,760006945,17-May-06,2 hr 29 min,PG-13,0,0,0,0,0,0,0,0,0,0,0,0,0,0,1,0,0,0,1,0,0
118,Maleficent,"A vengeful fairy is driven to curse an infant princess, only to discover that the child could be the one person who can restore peace to their troubled land.",2014,Walt Disney Studios Motion Pictures,180000000,69431298,241410378,518443307,759853685,28-May-14,1 hr 37 min,PG,0,1,0,0,0,0,0,0,1,1,0,0,0,0,0,1,0,0,0,0,0
119,The Amazing Spider-Man,"After Peter Parker is bitten by a genetically altered spider, he gains newfound, spider-like powers and ventures out to save the city from the machinations of a mysterious reptilian foe.",2012,Sony Pictures Entertainment (SPE),230000000,62004688,262030663,495900000,757930663,28-Jun-12,2 hr 16 min,PG-13,1,1,0,0,0,0,0,0,0,0,0,0,0,0,0,0,1,0,0,0,0
120,The Hunger Games: Mockingjay - Part 1,"Katniss Everdeen is in District 13 after she shatters the games forever. Under the leadership of President Coin and the advice of her trusted friends, Katniss spreads her wings as she fights to save Peeta and a nation moved by her courage.",2014,Lionsgate,125000000,121897634,337135885,418220826,755356711,19-Nov-14,2 hr 3 min,PG-13,1,1,0,0,0,0,0,0,0,0,0,0,0,0,0,0,1,0,1,0,0
121,Shrek Forever After,Rumpelstiltskin tricks a mid-life crisis burdened Shrek into allowing himself to be erased from existence and cast in a dark alternate timeline where Rumpelstiltskin rules supreme.,2010,DreamWorks,165000000,70838207,238736787,513864080,752600867,20-May-10,1 hr 35 min,PG,0,1,1,0,1,0,0,0,1,1,0,0,0,0,0,1,0,0,0,0,0
122,Gravity,Two astronauts work together to survive after an accident leaves them stranded in space.,2013,Warner Bros.,100000000,55785112,274092705,473957244,748049949,3-Oct-13,1 hr 31 min,PG-13,0,0,0,0,0,0,0,1,0,0,0,0,0,0,0,0,1,0,1,0,0
123,Madagascar 3: Europe's Most Wanted,"The Madagascar animals join a struggling European circus to get back to New York, but find themselves being pursued by a psychotic animal-control officer.",2012,DreamWorks,145000000,60316738,216391482,530529792,746921274,6-Jun-12,1 hr 35 min,PG,0,1,1,0,1,0,0,0,1,0,0,0,0,0,0,0,0,0,0,0,0
124,Suicide Squad,A secret government agency recruits some of the most dangerous incarcerated super-villains to form a defensive task force. Their first mission: save the world from the apocalypse.,2016,Warner Bros.,175000000,133682248,325100054,421746840,746846894,3-Aug-16,2 hr 3 min,PG-13,1,1,0,0,0,0,0,0,0,1,0,0,0,0,0,0,1,0,0,0,0
125,X-Men: Days of Future Past,The X-Men send Wolverine to the past in a desperate effort to change history and prevent an event that results in doom for both humans and mutants.,2014,Twentieth Century Fox,200000000,90823660,233921534,512124166,746045700,21-May-14,2 hr 12 min,PG-13,1,1,0,0,0,0,0,0,0,0,0,0,0,0,0,0,1,0,1,0,0
126,"The Chronicles of Narnia: The Lion, the Witch and the Wardrobe",Four kids travel through a wardrobe to the land of Narnia and learn of their destiny to free it with the guidance of a mystical lion.,2005,Walt Disney Studios Motion Pictures,180000000,65556312,291710957,453302158,745013115,7-Dec-05,2 hr 23 min,PG,0,1,0,0,0,0,0,0,1,1,0,0,0,0,0,0,0,0,0,0,0
127,Monsters University,"A look at the relationship between Mike Wazowski (Billy Crystal) and James P. ""Sully"" Sullivan (John Goodman) during their days at Monsters University, when they weren't necessarily the best of friends.",2013,Walt Disney Studios Motion Pictures,June 19 2013 (Egypt),82429469,268492764,475066881,743559645,7-Dec-05,2 hr 23 min,PG,0,1,0,0,0,0,0,0,1,1,0,0,0,0,0,0,0,0,0,0,0
128,The Matrix Reloaded,"Freedom fighters Neo, Trinity and Morpheus continue to lead the revolt against the Machine Army, unleashing their arsenal of extraordinary skills and weaponry against the systematic forces of repression and exploitation.",2003,Warner Bros.,150000000,91774413,281576461,460271476,741847937,15-May-03,2 hr 18 min,R,1,0,0,0,0,0,0,0,0,0,0,0,0,0,0,0,1,0,0,0,0
129,Up,"78-year-old Carl Fredricksen travels to Paradise Falls in his house equipped with balloons, inadvertently taking a young stowaway.",2009,Walt Disney Studios Motion Pictures,175000000,68108790,293004164,442094938,735099102,28-May-09,1 hr 36 min,PG,0,1,1,0,1,0,0,1,1,0,0,0,0,0,0,0,0,0,0,0,0
130,Ne Zha,"Born with unique powers, a boy is recruited to fight demons and save the community that fears him.",2019,Well Go USA Entertainment,July 26 2019 (China),1015755,3695533,722568541,726264074,28-May-09,1 hr 36 min,PG,0,1,1,0,1,0,0,1,1,0,0,0,0,0,0,0,0,0,0,0,0
131,F9: The Fast Saga,Dom and the crew must take on an international terrorist who turns out to be Dom and Mia's estranged brother.,2021,Universal Pictures,May 19 2021 (APAC EMEA),70043165,173005945,553223556,726229501,28-May-09,1 hr 36 min,PG,0,1,1,0,1,0,0,1,1,0,0,0,0,0,0,0,0,0,0,0,0
132,Captain America: The Winter Soldier,"As Steve Rogers struggles to embrace his role in the modern world, he teams up with a fellow Avenger and S.H.I.E.L.D agent, Black Widow, to battle a new threat from history: an assassin known as the Winter Soldier.",2014,Walt Disney Studios Motion Pictures,170000000,95023721,259766572,454654931,714421503,26-Mar-14,2 hr 16 min,PG-13,1,1,0,0,0,0,0,0,0,0,0,0,0,0,0,0,1,0,1,0,0
133,The Twilight Saga: Breaking Dawn - Part 1,"The Quileutes close in on expecting parents Edward and Bella, whose unborn child poses a threat to the Wolf Pack and the towns people of Forks.",2011,Summit Entertainment,110000000,138122261,281287133,430918723,712205856,16-Nov-11,1 hr 57 min,PG-13,0,1,0,0,0,0,0,1,0,1,0,0,0,0,0,1,0,0,1,0,0
134,The Twilight Saga: New Moon,"Edward leaves Bella after an attack that nearly claimed her life, and, in her depression, she falls into yet another difficult relationship - this time with her close friend, Jacob Black.",2009,Summit Entertainment,50000000,142839137,297816253,413209228,711025481,18-Nov-09,2 hr 10 min,PG-13,0,1,0,0,0,0,0,1,0,1,0,0,0,0,0,1,0,0,0,0,0
135,Dawn of the Planet of the Apes,The fragile peace between apes and humans is threatened as mistrust and betrayal threaten to plunge both tribes into a war for dominance over the Earth.,2014,Twentieth Century Fox,170000000,72611427,208545589,502098977,710644566,9-Jul-14,2 hr 10 min,PG-13,1,1,0,0,0,0,0,1,0,0,0,0,0,0,0,0,1,0,1,0,0
136,Transformers,"An ancient struggle between two Cybertronian races, the heroic Autobots and the evil Decepticons, comes to Earth, with a clue to the ultimate power held by a teenager.",2007,DreamWorks,150000000,70502384,319246193,390463587,709709780,28-Jun-07,2 hr 24 min,PG-13,1,1,0,0,0,0,0,0,0,0,0,0,0,0,0,0,1,0,0,0,0
137,The Amazing Spider-Man 2,"When New York is put under siege by Oscorp, it is up to Spider-Man to save the city he swore to protect as well as his loved ones.",2014,Sony Pictures Entertainment (SPE),April 16 2014 (Belgium),91608337,202853933,506128390,708982323,28-Jun-07,2 hr 24 min,PG-13,1,1,0,0,0,0,0,0,0,0,0,0,0,0,0,0,1,0,0,0,0
138,Fast X,Dom Toretto and his family are targeted by the vengeful son of drug kingpin Hernan Reyes.,2023,Universal Pictures,April 27 2023 (Italy),67017410,145960660,558749000,704709660,28-Jun-07,2 hr 24 min,PG-13,1,1,0,0,0,0,0,0,0,0,0,0,0,0,0,0,1,0,0,0,0
139,Interstellar,"When Earth becomes uninhabitable in the future, a farmer and ex-NASA pilot, Joseph Cooper, is tasked to pilot a spacecraft, along with a team of researchers, to find a new planet for humans.",2014,Paramount Pictures,165000000,47510360,188020017,515150820,703170837,5-Nov-14,2 hr 49 min,PG-13,0,1,0,0,0,0,0,1,0,0,0,0,0,0,0,0,1,0,0,0,0
140,It,"In the summer of 1989, a group of bullied kids band together to destroy a shape-shifting monster, which disguises itself as a clown and preys on the children of Derry, their small Maine town.",2017,Warner Bros.,35000000,123403419,328874981,372967570,701842551,6-Sep-17,2 hr 15 min,R,0,0,0,0,0,0,0,0,0,0,0,1,0,0,0,0,0,0,0,0,0
141,The Wandering Earth,"As the sun is dying out, people all around the world build giant planet thrusters to move Earth out of its orbit and sail Earth to a new star system. Yet the 2500-year journey comes with unexpected dangers, and in order to save humanity, a group of young people in this age of a wandering Earth fight hard for the survival of humankind.",2019,CMC Pictures,January 31 2019 (Australia),1685287,5971413,694021099,699992512,6-Sep-17,2 hr 15 min,R,0,0,0,0,0,0,0,0,0,0,0,1,0,0,0,0,0,0,0,0,0
142,The Twilight Saga: Eclipse,"As a string of mysterious killings grips Seattle, Bella, whose high school graduation is fast approaching, is forced to choose between her love for vampire Edward and her friendship with werewolf Jacob.",2010,Summit Entertainment,68000000,64832191,300531751,397978074,698509825,30-Jun-10,2 hr 4 min,PG-13,1,1,0,0,0,0,0,1,0,1,0,0,0,0,0,1,0,0,1,0,0
143,Mission: Impossible - Ghost Protocol,"The IMF is shut down when it's implicated in the bombing of the Kremlin, causing Ethan Hunt and his new team to go rogue to clear their organization's name.",2011,Paramount Pictures,145000000,12785204,209397903,485315477,694713380,14-Dec-11,2 hr 12 min,PG-13,1,1,0,0,0,0,0,0,0,0,0,0,0,0,0,0,0,0,1,0,0
144,Mamma Mia!,The story of a bride-to-be trying to find her real father told using hit songs by the popular 1970s group ABBA.,2008,Universal Pictures,52000000,27751240,144169664,550308728,694478392,27-Jun-08,1 hr 48 min,PG-13,0,0,0,0,1,0,0,0,0,0,0,0,0,1,0,1,0,0,0,0,0
145,The Hunger Games,Katniss Everdeen voluntarily takes her younger sister's place in the Hunger Games: a televised competition in which two teenagers from each of the twelve Districts of Panem are chosen at random to fight to the death.,2012,Lionsgate,78000000,152535747,408010692,286384032,694394724,8-Mar-12,2 hr 22 min,PG-13,1,1,0,0,0,0,0,0,0,0,0,0,0,0,0,0,1,0,1,0,0
146,Spider-Man: Across the Spider-Verse,"Miles Morales catapults across the Multiverse, where he encounters a team of Spider-People charged with protecting its very existence. When the heroes clash on how to handle a new threat, Miles must redefine what it means to be a hero.",2023,Columbia Pictures,May 31 2023 (France),120663589,381311319,308499543,689810862,8-Mar-12,2 hr 22 min,PG-13,1,1,0,0,0,0,0,0,0,0,0,0,0,0,0,0,1,0,1,0,0
147,Moana,"In Ancient Polynesia, when a terrible curse incurred by the Demigod Maui reaches Moana's island, she answers the Ocean's call to seek out the Demigod to set things right.",2016,Walt Disney Studios Motion Pictures,November 23 2016 (Domestic),56631401,248757044,438471864,687228908,8-Mar-12,2 hr 22 min,PG-13,1,1,0,0,0,0,0,0,0,0,0,0,0,0,0,0,1,0,1,0,0
148,Detective Chinatown 3,A major crime occurs in Tokyo when detectives Tang Ren and Qin Feng are invited to investigate the crime. A battle between the strongest detectives in Asia is about to break out with bursts of laughter.,2021,Warner Bros.,November 23 2016 (Domestic),February 12 2021 (China),686257563,686257563,687228908,8-Mar-12,2 hr 22 min,PG-13,1,1,0,0,0,0,0,0,0,0,0,0,0,0,0,0,1,0,1,0,0
149,Mission: Impossible - Rogue Nation,Ethan and his team take on their most impossible mission yet when they have to eradicate an international rogue organization as highly skilled as they are and committed to destroying the IMF.,2015,Paramount Pictures,150000000,55520089,195042377,487674259,682716636,24-Jul-15,2 hr 11 min,PG-13,1,1,0,0,0,0,0,0,0,0,0,0,0,0,0,0,0,0,1,0,0
150,Forrest Gump,"The history of the United States from the 1950s to the '70s unfolds from the perspective of an Alabama man with an IQ of 75, who yearns to be reunited with his childhood sweetheart.",1994,Paramount Pictures,55000000,24450602,330455270,347771195,678226465,6-Jul-94,2 hr 22 min,PG-13,0,0,0,0,0,0,0,1,0,0,0,0,0,0,0,1,0,0,0,0,0
151,Doctor Strange,"While on a journey of physical and spiritual healing, a brilliant neurosurgeon is drawn into the world of the mystic arts.",2016,Walt Disney Studios Motion Pictures,165000000,85058311,232641920,445154156,677796076,25-Oct-16,1 hr 55 min,PG-13,1,1,0,0,0,0,0,0,0,1,0,0,0,0,0,0,1,0,0,0,0
152,The Sixth Sense,"Malcolm Crowe, a child psychologist, starts treating a young boy, Cole, who encounters dead people and convinces him to help them. In turn, Cole helps Malcolm reconcile with his estranged wife.",1999,Walt Disney Studios Motion Pictures,40000000,26681262,293506292,379300140,672806432,6-Aug-99,1 hr 47 min,PG-13,0,0,0,0,0,0,0,1,0,0,0,0,0,0,1,0,0,0,1,0,0
153,Man of Steel,An alien child is evacuated from his dying world and sent to Earth to live among humans. His peace is threatened when other survivors of his home planet invade Earth.,2013,Warner Bros.,225000000,116619362,291045518,377000000,668045518,12-Jun-13,2 hr 23 min,PG-13,1,1,0,0,0,0,0,0,0,0,0,0,0,0,0,0,1,0,0,0,0
154,Ice Age: The Meltdown,"Manny, Sid and Diego discover that the ice age is coming to an end, and join everybody for a journey to higher ground. On the trip, they discover that Manny is not in fact the last of the woolly mammoths.",2006,Twentieth Century Fox,80000000,68033544,195330621,471763885,667094506,29-Mar-06,1 hr 31 min,PG,0,1,1,0,1,0,0,0,1,0,0,0,0,0,0,0,0,0,0,0,0
155,Kung Fu Panda 2,"Po and his friends fight to stop a peacock villain from conquering China with a deadly new weapon, but first the Dragon Warrior must come to terms with his past.",2011,DreamWorks,150000000,47656302,165249063,500443218,665692281,26-May-11,1 hr 30 min,PG,1,1,1,0,1,0,0,1,1,1,0,0,0,0,0,0,0,0,0,0,0
156,Justice League,"Fueled by his restored faith in humanity and inspired by Superman's selfless act, Bruce Wayne enlists the help of his new-found ally, Diana Prince, to face an even greater enemy.",2017,Warner Bros.,October 17 2017 (Lithuania),93842239,229024295,428902692,657926987,26-May-11,1 hr 30 min,PG,1,1,1,0,1,0,0,1,1,1,0,0,0,0,0,0,0,0,0,0,0
157,Big Hero 6,"A special bond develops between plus-sized inflatable robot Baymax and prodigy Hiro Hamada, who together team up with a group of friends to form a band of high-tech heroes.",2014,Walt Disney Studios Motion Pictures,165000000,56215889,222527828,435341858,657869686,25-Oct-14,1 hr 42 min,PG,1,1,1,0,1,0,0,1,1,1,0,0,0,0,0,0,1,0,0,0,0
158,Fantastic Beasts: The Crimes of Grindelwald,"The second installment of the ""Fantastic Beasts"" series featuring the adventures of Magizoologist Newt Scamander.",2018,Warner Bros.,200000000,62163104,159555901,495300000,654855901,12-Oct-18,2 hr 14 min,PG-13,0,1,0,0,0,0,0,0,1,1,0,0,0,0,0,0,0,0,0,0,0
159,Pirates of the Caribbean: The Curse of the Black Pearl,"Blacksmith Will Turner teams up with eccentric pirate ""Captain"" Jack Sparrow to save his love, the governor's daughter, from Jack's former pirate allies, who are now undead.",2003,Walt Disney Studios Motion Pictures,140000000,46630690,305413918,348850097,654264015,9-Jul-03,2 hr 23 min,PG-13,1,1,0,0,0,0,0,0,0,1,0,0,0,0,0,0,0,0,0,0,0
160,Men in Black 3,Agent J travels in time to M.I.B.'s early days in 1969 to stop an alien from assassinating his friend Agent K and changing history.,2012,Sony Pictures Entertainment (SPE),225000000,54592779,179020854,475192631,654213485,23-May-12,1 hr 46 min,PG-13,1,1,0,0,1,0,0,0,0,0,0,0,0,0,0,0,1,0,0,0,0
161,Star Wars: Episode II - Attack of the Clones,"Ten years after initially meeting, Anakin Skywalker shares a forbidden romance with Padmé Amidala, while Obi-Wan Kenobi discovers a secret clone army crafted for the Jedi.",2002,Twentieth Century Fox,115000000,80027814,310676740,343103230,653779970,16-May-02,2 hr 22 min,PG,1,1,0,0,0,0,0,0,0,1,0,0,0,0,0,0,1,0,0,0,0
162,The Hunger Games: Mockingjay - Part 2,Katniss and a team of rebels from District 13 prepare for the final battle that will decide the fate of Panem.,2015,Lionsgate,160000000,102665981,281723902,371704359,653428261,18-Nov-15,2 hr 17 min,PG-13,1,1,0,0,0,0,0,0,0,0,0,0,0,0,0,0,1,0,1,0,0
163,Thor: The Dark World,"When the Dark Elves attempt to plunge the universe into darkness, Thor must embark on a perilous and personal journey that will reunite him with doctor Jane Foster.",2013,Walt Disney Studios Motion Pictures,170000000,85737841,206362140,438421000,644783140,30-Oct-13,1 hr 52 min,PG-13,1,1,0,0,0,0,0,0,0,1,0,0,0,0,0,0,0,0,0,0,0
164,Sing,"In a city of humanoid animals, a hustling theater impresario's attempt to save his theater with a singing competition becomes grander than he anticipates even as its finalists find that their lives will never be the same.",2016,Universal Pictures,75000000,35258145,270578425,363759959,634338384,2-Dec-16,1 hr 48 min,PG,0,0,1,0,1,0,0,0,1,0,0,0,0,1,0,0,0,0,0,0,0
165,Kung Fu Panda,"To everyone's surprise, including his own, Po, an overweight, clumsy panda, is chosen as protector of the Valley of Peace. His suitability will soon be tested as the valley's arch-enemy is on his way.",2008,DreamWorks,130000000,60239130,215771591,416311606,632083197,5-Jun-08,1 hr 32 min,PG,1,1,1,0,1,0,0,0,1,1,0,0,0,0,0,0,0,0,0,0,0
166,The Incredibles,"While trying to lead a quiet suburban life, a family of undercover superheroes are forced into action to save the world.",2004,Walt Disney Studios Motion Pictures,92000000,70467623,261441092,370165961,631607053,5-Nov-04,1 hr 55 min,PG,1,1,1,0,0,0,0,0,1,0,0,0,0,0,0,0,0,0,0,0,0
167,The Martian,"An astronaut becomes stranded on Mars after his team assume him dead, and must rely on his ingenuity to find a way to signal to Earth that he is alive and can survive until a potential rescue.",2015,Twentieth Century Fox,108000000,54308575,228433663,402187155,630620818,30-Sep-15,2 hr 24 min,PG-13,0,1,0,0,0,0,0,1,0,0,0,0,0,0,0,0,1,0,0,0,0
168,Hancock,Hancock is a superhero whose ill-considered behavior regularly causes damage in the millions. He changes when the person he saves helps him improve his public image.,2008,Sony Pictures Entertainment (SPE),150000000,62603879,227946274,401497154,629443428,2-Jul-08,1 hr 32 min,PG-13,1,0,0,0,1,0,0,1,0,1,0,0,0,0,0,0,0,0,0,0,0
169,Water Gate Bridge,"Sequel to ""The Battle at Lake Changjin"". Follows the Chinese People's Volunteers (CPV) soldiers on a new task, and now their battlefield is a crucial bridge on the retreat route of American troops.",2022,CMC Pictures,February 1 2022 (China),42707,117294,626454403,626571697,2-Jul-08,1 hr 32 min,PG-13,1,0,0,0,1,0,0,1,0,1,0,0,0,0,0,0,0,0,0,0,0
170,Fast Five,Dominic Toretto and his crew of street racers plan a massive heist to buy their freedom while in the sights of a powerful Brazilian drug lord and a dangerous federal agent.,2011,Universal Pictures,125000000,86198765,209837675,416300000,626137675,20-Apr-11,2 hr 10 min,PG-13,1,0,0,0,0,1,0,0,0,0,0,0,0,0,0,0,0,0,1,0,0
171,Iron Man 2,"With the world now aware of his identity as Iron Man, Tony Stark must contend with both his declining health and a vengeful mad man with ties to his father's legacy.",2010,Paramount Pictures,200000000,128122480,312433331,311500000,623933331,28-Apr-10,2 hr 4 min,PG-13,1,0,0,0,0,0,0,0,0,0,0,0,0,0,0,0,1,0,0,0,0
172,Ratatouille,A rat who can cook makes an unusual alliance with a young kitchen worker at a famous Paris restaurant.,2007,Walt Disney Studios Motion Pictures,150000000,47027395,206445654,417280431,623726085,28-Jun-07,1 hr 51 min,G,0,1,1,0,1,0,0,0,1,1,0,0,0,0,0,0,0,0,0,0,0
173,Ant-Man and the Wasp,"As Scott Lang balances being both a superhero and a father, Hope van Dyne and Dr. Hank Pym present an urgent new mission that finds the Ant-Man fighting alongside The Wasp to uncover secrets from their past.",2018,Walt Disney Studios Motion Pictures,July 4 2018 (EMEA APAC),75812205,216648740,406025399,622674139,28-Jun-07,1 hr 51 min,G,0,1,1,0,1,0,0,0,1,1,0,0,0,0,0,0,0,0,0,0,0
174,How to Train Your Dragon 2,"When Hiccup and Toothless discover an ice cave that is home to hundreds of new wild dragons and the mysterious Dragon Rider, the two friends find themselves at the center of a battle to protect the peace.",2014,Twentieth Century Fox,145000000,49451322,177002924,444534595,621537519,5-Jun-14,1 hr 42 min,PG,1,1,1,0,1,0,0,0,1,1,0,0,0,0,0,0,0,0,0,0,0
175,Logan,"In a future where mutants are nearly extinct, an elderly and weary Logan leads a quiet life. But when Laura, a mutant child pursued by scientists, comes to him for help, he must get her to safety.",2017,Twentieth Century Fox,97000000,88411916,226277068,392902882,619179950,1-Mar-17,2 hr 17 min,R,1,0,0,0,0,0,0,1,0,0,0,0,0,0,0,0,1,0,1,0,0
176,The Lost World: Jurassic Park,"A research team is sent to the Jurassic Park Site B island to study the dinosaurs there, while an InGen team approaches with another agenda.",1997,Universal Pictures,73000000,72132785,229086679,389552320,618638999,23-May-97,2 hr 9 min,PG-13,1,1,0,0,0,0,0,0,0,0,0,0,0,0,0,0,1,0,0,0,0
177,Casino Royale,"After earning 00 status and a licence to kill, secret agent James Bond sets out on his first mission as 007. Bond must defeat a private banker funding terrorists in a high-stakes game of poker at Casino Royale, Montenegro.",2006,Sony Pictures Entertainment (SPE),150000000,40833156,167445960,449059202,616505162,15-Nov-06,2 hr 24 min,PG-13,1,1,0,0,0,0,0,0,0,0,0,0,0,0,0,0,0,0,1,0,0
178,The Passion of the Christ,"Depicts the final twelve hours in the life of Jesus of Nazareth, on the day of his crucifixion in Jerusalem.",2004,Newmarket Films,30000000,83848082,370782930,241271576,612054506,25-Feb-04,2 hr 7 min,R,0,0,0,0,0,0,0,1,0,0,0,0,0,0,0,0,0,0,0,0,0
179,Life of Pi,"A young man who survives a disaster at sea is hurtled into an epic journey of adventure and discovery. While cast away, he forms an unexpected connection with another survivor: a fearsome Bengal tiger.",2012,Twentieth Century Fox,120000000,22451514,124987023,484029542,609016565,21-Nov-12,2 hr 7 min,PG,0,1,0,0,0,0,0,1,0,1,0,0,0,0,0,0,0,0,0,0,0
180,Ready Player One,"When the creator of a virtual reality called the OASIS dies, he makes a posthumous challenge to all OASIS users to find his Easter Egg, which will give the finder his fortune and control of his world.",2018,Warner Bros.,175000000,41764050,137715350,469558784,607274134,28-Mar-18,2 hr 20 min,PG-13,1,1,0,0,0,0,0,0,0,0,0,0,0,0,0,0,1,0,0,0,0
181,Transformers: The Last Knight,"A deadly threat from Earth's history reappears and a hunt for a lost artifact takes place between Autobots and Decepticons, while Optimus Prime encounters his creator in space.",2017,Paramount Pictures,217000000,44680073,130168683,475256474,605425157,21-Jun-17,2 hr 34 min,PG-13,1,1,0,0,0,0,0,0,0,0,0,0,0,0,0,0,1,0,0,0,0
182,Madagascar: Escape 2 Africa,"The Madagascar animals fly back to New York City, but crash-land on an African nature reserve in Kenya, where they meet others of their own kind, and Alex especially discovers his royal heritage as prince of a lion pride.",2008,DreamWorks,150000000,63106589,180010950,423889404,603900354,30-Oct-08,1 hr 29 min,PG,0,1,1,0,1,0,0,0,1,0,0,0,0,0,0,0,0,0,0,0,0
183,War of the Worlds,An alien invasion threatens the future of humanity. The catastrophic nightmare is depicted through the eyes of one American family fighting for survival.,2005,Paramount Pictures,132000000,64878725,234280354,369592765,603873119,29-Jun-05,1 hr 56 min,PG-13,1,1,0,0,0,0,0,0,0,0,0,0,0,0,0,0,1,0,0,0,0
184,Tangled,"The magically long-haired Rapunzel has spent her entire life in a tower, but now that a runaway thief has stumbled upon her, she is about to discover the world for the first time, and who she really is.",2010,Walt Disney Studios Motion Pictures,260000000,48767052,200821936,391640880,592462816,24-Nov-10,1 hr 40 min,PG,0,1,1,0,1,0,0,0,1,1,0,0,0,1,0,1,0,0,0,0,0
185,Quantum of Solace,James Bond descends into mystery as he tries to stop a mysterious organisation from eliminating a country's most valuable resource.,2008,Sony Pictures Entertainment (SPE),200000000,67528882,168368427,421212055,589580482,31-Oct-08,1 hr 46 min,PG-13,1,1,0,0,0,0,0,0,0,0,0,0,0,0,1,0,0,0,1,0,0
186,Men in Black,A police officer joins a secret organization that polices and monitors extraterrestrial interactions on Earth.,1997,Sony Pictures Entertainment (SPE),90000000,51068455,250690539,338700000,589390539,2-Jul-97,1 hr 38 min,PG-13,1,1,0,0,1,0,0,0,0,0,0,0,0,0,0,0,1,0,0,0,0
187,The Croods,"After their cave is destroyed, a caveman family must trek through an unfamiliar fantastical world with the help of an inventive boy.",2013,Twentieth Century Fox,135000000,43639736,187168425,400067558,587235983,15-Mar-13,1 hr 38 min,PG,1,1,1,0,1,0,0,0,1,1,0,0,0,0,0,0,0,0,0,0,0
188,The Hangover Part II,"Two years after the bachelor party in Las Vegas, Phil, Stu, Alan, and Doug jet to Thailand for Stu's wedding. Stu's plan for a subdued pre-wedding brunch, however, goes seriously awry.",2011,Warner Bros.,80000000,85946294,254464305,332300000,586764305,25-May-11,1 hr 42 min,R,0,0,0,0,1,0,0,0,0,0,0,0,0,0,0,0,0,0,0,0,0
189,Iron Man,"After being held captive in an Afghan cave, billionaire engineer Tony Stark creates a unique weaponized suit of armor to fight evil.",2008,Paramount Pictures,140000000,98618668,319034126,266762121,585796247,30-Apr-08,2 hr 6 min,PG-13,1,1,0,0,0,0,0,0,0,0,0,0,0,0,0,0,1,0,0,0,0
190,I Am Legend,"Years after a plague kills most of humanity and transforms the rest into monsters, the sole survivor in New York City struggles valiantly to find a cure.",2007,Warner Bros.,150000000,77211321,256393010,329017042,585410052,12-Dec-07,1 hr 41 min,PG-13,1,0,0,0,0,0,0,1,0,0,0,1,0,0,0,0,1,0,1,0,0
191,"Monsters, Inc.","In order to power the city, monsters have to scare children so that they scream. However, the children are toxic to the monsters, and after a child gets through, two monsters realize things may not be what they think.",2001,Walt Disney Studios Motion Pictures,115000000,62577067,290642256,289065482,579707738,2-Nov-01,1 hr 32 min,G,0,1,1,0,1,0,0,0,1,1,0,0,0,0,0,0,0,0,0,0,0
192,Operation Red Sea,PLA Navy Marine Corps launch a hostage rescue operation in the fictional Republic of Ihwea and undergo a fierce battle with rebellions and terrorism.,2018,Well Go USA Entertainment,February 16 2018 (China),436059,1543547,577786879,579330426,2-Nov-01,1 hr 32 min,G,0,1,1,0,1,0,0,0,1,1,0,0,0,0,0,0,0,0,0,0,0
193,Night at the Museum,A newly recruited night security guard at the Museum of Natural History discovers that an ancient curse causes the animals and exhibits on display to come to life and wreak havoc.,2006,Twentieth Century Fox,December 21 2006 (APAC),30433781,250863268,323617961,574481229,2-Nov-01,1 hr 32 min,G,0,1,1,0,1,0,0,0,1,1,0,0,0,0,0,0,0,0,0,0,0
194,Fifty Shades of Grey,"Literature student Anastasia Steele's life changes forever when she meets handsome, yet tormented, billionaire Christian Grey.",2015,Universal Pictures,40000000,85171450,166167230,403484237,569651467,11-Feb-15,2 hr 5 min,R,0,0,0,0,0,0,0,1,0,0,0,0,0,0,0,1,0,0,1,0,0
195,The Little Mermaid,A young mermaid makes a deal with a sea witch to trade her beautiful voice for human legs so she can discover the world above water and impress a prince.,2023,Walt Disney Studios Motion Pictures,May 4 2023 (Italy),95578040,298172056,271420242,569592298,11-Feb-15,2 hr 5 min,R,0,0,0,0,0,0,0,1,0,0,0,0,0,0,0,1,0,0,1,0,0
196,Mission: Impossible - Dead Reckoning Part One,Ethan Hunt and his IMF team must track down a dangerous weapon before it falls into the wrong hands.,2023,Paramount Pictures,291000000,54688347,172135383,395400000,567535383,8-Jul-23,2 hr 43 min,PG-13,1,1,0,0,0,0,0,0,0,0,0,0,0,0,0,0,0,0,1,0,0
197,Kong: Skull Island,"After the Vietnam war, a team of scientists explores an uncharted island in the Pacific, venturing into the domain of the mighty Kong and must fight to escape a primal Eden.",2017,Warner Bros.,185000000,61025472,168052812,398600000,566652812,8-Mar-17,1 hr 58 min,PG-13,1,1,0,0,0,0,0,0,0,1,0,0,0,0,0,0,1,0,0,0,0
198,The Smurfs,"When the evil wizard Gargamel chases the tiny blue Smurfs out of their village, they tumble from their magical world into New York City.",2011,Sony Pictures Entertainment (SPE),110000000,35611637,142614158,421135165,563749323,27-Jul-11,1 hr 43 min,PG,0,1,1,0,1,0,0,0,1,1,0,0,0,0,0,0,0,0,0,0,0
199,Cars 2,Star race car Lightning McQueen and his pal Mater head overseas to compete in the World Grand Prix race. But the road to the championship becomes rocky as Mater gets caught up in an intriguing adventure of his own: international espionage.,2011,Walt Disney Studios Motion Pictures,200000000,66135507,191452396,368400000,559852396,22-Jun-11,1 hr 46 min,G,0,1,1,0,1,1,0,0,1,0,0,0,0,0,1,0,1,1,0,0,0
200,King Kong,"A greedy film producer assembles a team of moviemakers and sets out for the infamous Skull Island, where they find more than just cannibalistic natives.",2005,Universal Pictures,207000000,50130145,218080025,338826353,556906378,14-Dec-05,3 hr 7 min,PG-13,1,1,0,0,0,0,0,0,0,0,0,0,0,0,0,1,0,0,0,0,0
201,Puss in Boots,"An outlaw cat, his childhood egg-friend, and a seductive thief kitty set out in search for the eggs of the fabled Golden Goose to clear his name, restore his lost honor, and regain the trust of his mother and town.",2011,DreamWorks,130000000,34077439,149260504,405726973,554987477,27-Oct-11,1 hr 30 min,PG,0,1,1,0,1,0,0,0,1,1,0,0,0,0,1,1,0,0,0,0,0
202,The Mermaid,"Shan, a mermaid, is sent to assassinate Xuan, a developer who threatens the ecosystem of her race, but ends up falling in love with him instead.",2016,Sony Pictures Entertainment (SPE),February 8 2016 (China APAC),985052,3232685,550577543,553810228,27-Oct-11,1 hr 30 min,PG,0,1,1,0,1,0,0,0,1,1,0,0,0,0,1,1,0,0,0,0,0
203,Armageddon,"After discovering that an asteroid the size of Texas will impact Earth in less than a month, NASA recruits a misfit team of deep-core drillers to save the planet.",1998,Walt Disney Studios Motion Pictures,140000000,36089972,201578182,352131606,553709788,1-Jul-98,2 hr 31 min,PG-13,1,1,0,0,0,0,0,0,0,0,0,0,0,0,0,0,1,0,1,0,0
204,The Day After Tomorrow,"Jack Hall, paleoclimatologist, must make a daring trek from Washington, D.C. to New York City to reach his son, trapped in the cross-hairs of a sudden international storm which plunges the planet into a new Ice Age.",2004,Twentieth Century Fox,125000000,68743584,186740799,365898772,552639571,26-May-04,2 hr 4 min,PG-13,1,1,0,0,0,0,0,0,0,0,0,0,0,0,0,0,1,0,1,0,0
205,Ted,"John Bennett, a man whose childhood wish of bringing his teddy bear to life came true, now must decide between keeping the relationship with the bear, Ted or his girlfriend, Lori.",2012,Universal Pictures,50000000,54415205,218815487,330552828,549368315,29-Jun-12,1 hr 46 min,R,0,0,0,0,1,0,0,0,0,0,0,0,0,0,0,0,0,0,0,0,0
206,American Sniper,"Navy S.E.A.L. sniper Chris Kyle's pinpoint accuracy saves countless lives on the battlefield and turns him into a legend. Back home with his family after four tours of duty, however, Chris finds that it is the war he can't leave behind.",2014,Warner Bros.,58800000,633456,350159020,197300000,547459020,25-Dec-14,2 hr 13 min,R,1,0,0,1,0,0,0,1,0,0,0,0,0,0,0,0,0,0,0,1,0
207,Mission: Impossible II,"IMF agent Ethan Hunt is sent to Sydney to find and destroy a genetically modified disease called ""Chimera"".",2000,Paramount Pictures,125000000,57845297,215409889,330978219,546388108,24-May-00,2 hr 3 min,PG-13,1,1,0,0,0,0,0,0,0,0,0,0,0,0,0,0,0,0,1,0,0
208,Detective Chinatown 2,Tang and Qin team up to solve a murder in New York's Chinatown.,2018,Warner Bros.,February 15 2018 (APAC),704047,1983984,542201172,544185156,24-May-00,2 hr 3 min,PG-13,1,1,0,0,0,0,0,0,0,0,0,0,0,0,0,0,0,0,1,0,0
209,X-Men: Apocalypse,"In the 1980s the X-Men must defeat an ancient all-powerful mutant, En Sabah Nur, who intends to thrive through bringing destruction to the world.",2016,Twentieth Century Fox,178000000,65769562,155442489,388491616,543934105,18-May-16,2 hr 24 min,PG-13,1,1,0,0,0,0,0,0,0,0,0,0,0,0,0,0,1,0,0,0,0
210,Sherlock Holmes: A Game of Shadows,"Detective Sherlock Holmes is on the trail of criminal mastermind Professor Moriarty, who is carrying out a string of random crimes across Europe.",2011,Warner Bros.,December 15 2011 (EMEA APAC),39637079,186848418,357000000,543848418,18-May-16,2 hr 24 min,PG-13,1,1,0,0,0,0,0,0,0,0,0,0,0,0,0,0,1,0,0,0,0
211,Despicable Me,"When a criminal mastermind uses a trio of orphan girls as pawns for a grand scheme, he finds their love is profoundly changing him for the better.",2010,Universal Pictures,69000000,56397125,251557985,291600000,543157985,8-Jul-10,1 hr 35 min,PG,0,1,1,0,1,1,0,0,1,0,0,0,0,0,0,0,1,0,0,0,0
212,Cinderella,"When her father unexpectedly dies, young Ella finds herself at the mercy of her cruel stepmother and her scheming stepsisters. Never one to give up hope, Ella's fortunes begin to change after meeting a dashing stranger.",2015,Walt Disney Studios Motion Pictures,95000000,67877361,201151353,341206978,542358331,11-Mar-15,1 hr 45 min,PG,0,1,0,0,0,0,0,1,1,1,0,0,0,0,0,1,0,0,0,0,0
213,Madagascar,"A group of animals who have spent all their life in a New York zoo end up in the jungles of Madagascar, and must adjust to living in the wild.",2005,DreamWorks Distribution,May 27 2005 (APAC Domestic),47224594,193595521,348468325,542063846,11-Mar-15,1 hr 45 min,PG,0,1,0,0,0,0,0,1,1,1,0,0,0,0,0,1,0,0,0,0,0
214,World War Z,Former United Nations employee Gerry Lane traverses the world in a race against time to stop a zombie pandemic that is toppling armies and governments and threatens to destroy humanity itself.,2013,Paramount Pictures,190000000,66411834,202807711,337648165,540455876,19-Jun-13,1 hr 56 min,PG-13,1,1,0,0,0,0,0,0,0,0,0,1,0,0,0,0,1,0,0,0,0
215,Brave,"Determined to make her own path in life, Princess Merida defies a custom that brings chaos to her kingdom. Granted one wish, Merida must rely on her bravery and her archery skills to undo a beastly curse.",2012,Walt Disney Studios Motion Pictures,185000000,66323594,237283207,301700000,538983207,21-Jun-12,1 hr 33 min,PG,1,1,1,0,1,0,0,1,1,1,0,0,0,0,1,0,0,0,0,0,0
216,Star Wars: Episode V - The Empire Strikes Back,"After the Rebels are overpowered by the Empire, Luke Skywalker begins his Jedi training with Yoda, while his friends are pursued across the galaxy by Darth Vader and bounty hunter Boba Fett.",1980,Twentieth Century Fox,18000000,4910483,292753960,190685234,538375067,21-May-80,2 hr 4 min,PG,1,1,0,0,0,0,0,0,0,1,0,0,0,0,0,0,1,0,0,0,0
217,The Simpsons Movie,"After Homer pollutes the town's water supply, Springfield is encased in a gigantic dome by the EPA and the Simpsons are declared fugitives.",2007,Twentieth Century Fox,75000000,74036787,183135014,353279279,536414293,25-Jul-07,1 hr 27 min,PG-13,0,1,1,0,1,0,0,0,0,0,0,0,0,0,0,0,0,0,0,0,0
218,The Revenant,A frontiersman on a fur trading expedition in the 1820s fights for survival after being mauled by a bear and left for dead by members of his own hunting team.,2015,Twentieth Century Fox,135000000,474560,183637894,349312609,532950503,25-Dec-15,2 hr 36 min,R,1,1,0,0,0,0,0,1,0,0,0,0,0,0,0,0,0,0,0,0,1
219,The Meg,A group of scientists exploring the Marianas Trench encounter the largest marine predator that has ever existed - the Megalodon.,2018,Warner Bros.,130000000,45402195,145522784,383815731,529338515,8-Aug-18,1 hr 53 min,PG-13,1,0,0,0,0,0,0,0,0,0,0,1,0,0,0,0,1,0,1,0,0
220,Ralph Breaks the Internet,"Six years after the events of ""Wreck-It Ralph,"" Ralph and Vanellope, now friends, discover a wi-fi router in their arcade, leading them into a new adventure.",2018,Walt Disney Studios Motion Pictures,175000000,56237634,201091711,328232251,529323962,21-Nov-18,1 hr 52 min,PG,0,1,1,0,1,0,0,0,1,1,0,0,0,0,0,0,1,0,0,0,0
221,Hotel Transylvania 3: Summer Vacation,"Count Dracula and company participate in a cruise for sea-loving monsters, unaware that their boat is being commandeered by the monster-hating Van Helsing family.",2018,Sony Pictures Entertainment (SPE),80000000,44076225,167510016,361073758,528583774,28-Jun-18,1 hr 37 min,PG,0,1,1,0,1,0,0,0,1,1,0,1,0,0,0,0,0,0,0,0,0
222,The Boss Baby,"A suit-wearing, briefcase-carrying baby pairs up with his 7-year old brother to stop the dastardly plot of the CEO of Puppy Co.",2017,Twentieth Century Fox,March 23 2017 (5 markets),50198902,175003033,352962903,527965936,28-Jun-18,1 hr 37 min,PG,0,1,1,0,1,0,0,0,1,1,0,1,0,0,0,0,0,0,0,0,0
223,Dunkirk,"Allied soldiers from Belgium, the British Commonwealth and Empire, and France are surrounded by the German Army and evacuated during a fierce battle in World War II.",2017,Warner Bros.,100000000,50513488,189740665,337275642,527016307,19-Jul-17,1 hr 46 min,PG-13,1,0,0,0,0,0,0,1,0,0,1,0,0,0,0,0,0,0,1,1,0
224,The Grinch,A grumpy Grinch plots to ruin Christmas for the village of Whoville.,2018,Universal Pictures,75000000,67572855,271384731,255375901,526760632,7-Nov-18,1 hr 25 min,PG,0,0,1,0,1,0,0,0,1,1,0,0,0,1,0,0,0,0,0,0,0
225,Godzilla,"The world is beset by the appearance of monstrous creatures, but one of them may be the only one who can save humanity.",2014,Warner Bros.,160000000,93188384,200676069,324300000,524976069,14-May-14,2 hr 3 min,PG-13,1,1,0,0,0,0,0,0,0,0,0,0,0,0,0,0,1,0,1,0,0
226,How to Train Your Dragon: The Hidden World,"When Hiccup discovers Toothless isn't the only Night Fury, he must seek ""The Hidden World"", a secret Dragon Utopia before a hired tyrant named Grimmel finds it first.",2019,Universal Pictures,129000000,55022245,160945505,363635087,524580592,3-Jan-19,1 hr 44 min,PG,1,1,1,0,1,0,0,1,1,1,0,0,0,0,0,0,0,0,0,0,0
227,Sherlock Holmes,Detective Sherlock Holmes and his stalwart partner Watson engage in a battle of wits and brawn with a nemesis whose plot is a threat to all of England.,2009,Warner Bros.,90000000,62304277,209028679,315000000,524028679,1-Jan-09,2 hr 8 min,PG-13,1,1,0,0,0,0,0,0,0,0,0,0,0,0,1,0,0,0,0,0,0
228,Meet the Fockers,All hell breaks loose when the Byrnes family meets the Focker family for the first time.,2004,Universal Pictures,80000000,46120980,279261160,243396776,522657936,22-Dec-04,1 hr 55 min,PG-13,0,0,0,0,1,0,0,0,0,0,0,0,0,0,0,1,0,0,0,0,0
229,WALL·E,"In the distant future, a small waste-collecting robot inadvertently embarks on a space journey that will ultimately decide the fate of mankind.",2008,Walt Disney Studios Motion Pictures,180000000,63087526,223808164,297503726,521311890,26-Jun-08,1 hr 38 min,,0,1,1,0,0,0,0,0,1,0,0,0,0,0,0,0,1,0,0,0,0
230,Kung Fu Panda 3,"Continuing his ""legendary adventures of awesomeness"", Po must face two hugely epic, but different threats: one supernatural and the other a little closer to home.",2016,Twentieth Century Fox,145000000,41282042,143528619,377642206,521170825,28-Jan-16,1 hr 35 min,PG,1,1,1,0,1,0,0,0,1,1,0,0,0,0,0,0,0,0,0,0,0
231,Terminator 2: Judgment Day,"A cyborg, identical to the one who failed to kill Sarah Connor, must now protect her ten year old son John from an even more advanced and powerful cyborg.",1991,TriStar Pictures,102000000,31765506,205881154,312106698,520881154,3-Jul-91,2 hr 17 min,R,1,0,0,0,0,0,0,0,0,0,0,0,0,0,0,0,1,0,0,0,0
232,Ant-Man,"Armed with a super-suit with the astonishing ability to shrink in scale but increase in strength, cat burglar Scott Lang must embrace his inner hero and help his mentor, Dr. Hank Pym, pull off a plan that will save the world.",2015,Walt Disney Studios Motion Pictures,130000000,57225526,180202163,339109802,519311965,10-Jul-15,1 hr 57 min,PG-13,1,0,0,0,1,0,0,0,0,0,0,0,0,0,0,0,1,0,0,0,0
233,Venom: Let There Be Carnage,"Eddie Brock attempts to reignite his career by interviewing serial killer Cletus Kasady, who becomes the host of the symbiote Carnage and escapes prison after a failed execution.",2021,Sony Pictures Entertainment (SPE),September 30 2021 (Russia/CIS),90033210,213550366,293313226,506863592,10-Jul-15,1 hr 57 min,PG-13,1,0,0,0,1,0,0,0,0,0,0,0,0,0,0,0,1,0,0,0,0
234,Ghost,"After a young man is murdered, his spirit stays behind to warn his lover of impending danger, with the help of a reluctant psychic.",1990,Paramount Pictures,22000000,12191540,217631306,288072251,505703557,13-Jul-90,2 hr 7 min,,0,0,0,0,0,0,0,1,0,1,0,0,0,0,0,1,0,0,1,0,0
235,Aladdin,A kind-hearted street urchin and a power-hungry Grand Vizier vie for a magic lamp that has the power to make their deepest wishes come true.,1992,Walt Disney Studios Motion Pictures,28000000,196664,217350219,286700000,504050219,13-Nov-92,1 hr 30 min,,0,1,1,0,1,0,0,0,1,1,0,0,0,1,0,1,0,0,0,0,0
236,Gladiator,A former Roman General sets out to exact vengeance against the corrupt emperor who murdered his family and sent him into slavery.,2000,DreamWorks Distribution,103000000,34819017,187705427,315456886,503162313,4-May-00,2 hr 35 min,R,1,1,0,0,0,0,0,1,0,0,0,0,0,0,0,0,0,0,0,0,0
237,Rio 2,"It's a jungle out there for Blu, Jewel, and their three kids after they're hurtled from Rio de Janeiro to the wilds of the Amazon. As Blu tries to fit in, he goes beak-to-beak with the vengeful Nigel and meets his father-in-law.",2014,Twentieth Century Fox,103000000,39327869,131538435,367242682,498781117,20-Mar-14,1 hr 41 min,G,0,1,1,0,1,0,0,0,1,0,0,0,1,1,0,0,0,0,0,0,0
238,Troy,"An adaptation of Homer's great epic, the film follows the assault on Troy by the united Greek forces and chronicles the fates of the men involved.",2004,Warner Bros.,175000000,46865412,133378256,364031596,497409852,12-May-04,2 hr 43 min,R,0,0,0,0,0,0,0,1,0,0,0,0,0,0,0,0,0,0,0,0,0
239,Toy Story 2,"When Woody is stolen by a toy collector, Buzz and his friends set out on a rescue mission to save Woody before he becomes a museum toy property with his roundup gang Jessie, Prospector, and Bullseye.",1999,Walt Disney Studios Motion Pictures,90000000,300163,245852179,251523202,497375381,19-Nov-99,1 hr 32 min,,0,1,1,0,1,0,0,0,1,1,0,0,0,0,0,0,0,0,0,0,0
240,How to Train Your Dragon,"A hapless young Viking who aspires to hunt dragons becomes the unlikely friend of a young dragon himself, and learns there may be more to the creatures than he assumed.",2010,DreamWorks,165000000,43732319,217581231,277298240,494879471,18-Mar-10,1 hr 38 min,PG,1,1,1,0,1,0,0,0,1,1,0,0,0,0,0,0,0,0,0,0,0
241,Twister,"Bill and Jo Harding, advanced storm chasers on the brink of divorce, must join together to create an advanced weather alert system by putting themselves in the cross-hairs of extremely violent tornadoes.",1996,Warner Bros.,92000000,41059405,241830615,252750000,494580615,10-May-96,1 hr 53 min,,1,1,0,0,0,0,0,0,0,0,0,0,0,0,0,0,0,0,1,0,0
242,Oz the Great and Powerful,A small-time magician is swept away to an enchanted land and is forced into a power struggle between three witches.,2013,Walt Disney Studios Motion Pictures,215000000,79110453,234911825,258400000,493311825,6-Mar-13,2 hr 10 min,PG,0,1,0,0,0,0,0,0,1,1,0,0,0,0,0,0,0,0,0,0,0
243,Clash of the Titans,"Perseus, a demigod and the son of Zeus, battles the minions of Hades and the Underworld in order to stop them from conquering Olympus and Earth.",2010,Warner Bros.,125000000,61235105,163214888,330000105,493214993,31-Mar-10,1 hr 46 min,PG-13,1,1,0,0,0,0,0,0,0,1,0,0,0,0,0,0,0,0,0,0,0
244,Maleficent: Mistress of Evil,"Maleficent and her goddaughter Aurora begin to question the complex family ties that bind them as they are pulled in different directions by impending nuptials, unexpected allies, and dark new forces at play.",2019,Walt Disney Studios Motion Pictures,185000000,36948713,113929605,377800484,491730089,16-Oct-19,1 hr 59 min,PG,0,1,0,0,0,0,0,0,1,1,0,0,0,0,0,1,0,0,0,0,0
245,War for the Planet of the Apes,"After the apes suffer unimaginable losses, Caesar wrestles with his darker instincts and begins his own mythic quest to avenge his kind.",2017,Twentieth Century Fox,150000000,56262929,146880162,343839601,490719763,11-Jul-17,2 hr 20 min,PG-13,1,1,0,0,0,0,0,1,0,0,0,0,0,0,0,0,1,0,1,0,0
246,Shrek,"A mean lord exiles fairytale creatures to the swamp of a grumpy ogre, who must go on a quest and rescue a princess for the lord in order to get his land back.",2001,DreamWorks Distribution,60000000,42347760,268163011,220278357,488441368,16-May-01,1 hr 30 min,PG,0,1,1,0,1,0,0,0,1,1,0,0,0,0,0,1,0,0,0,0,0
247,Mr. & Mrs. Smith,A bored married couple is surprised to learn that they are both assassins hired by competing agencies to kill each other.,2005,Twentieth Century Fox,110000000,50342878,186336279,300951367,487287646,8-Jun-05,2 hr,PG-13,1,0,0,0,1,1,0,0,0,0,0,0,0,0,0,0,0,0,1,0,0
248,Elemental,"Follows Ember and Wade, in a city where fire-, water-, earth- and air-residents live together.",2023,Walt Disney Studios Motion Pictures,June 14 2023 (APAC),29602429,154409516,332388472,486797988,8-Jun-05,2 hr,PG-13,1,0,0,0,1,1,0,0,0,0,0,0,0,0,0,0,0,0,1,0,0
249,Angels & Demons,Harvard symbologist Robert Langdon works with a nuclear physicist to solve a murder and prevent a terrorist act against the Vatican during one of the significant events within the church.,2009,Sony Pictures Entertainment (SPE),150000000,46204168,133375846,352554970,485930816,13-May-09,2 hr 18 min,PG-13,1,0,0,0,0,0,0,0,0,0,0,0,0,0,1,0,0,0,1,0,0
